species,region,gear,season,vessel_size,area,days,n_ind
A,North,Gillnets,winter,small,a,74.9503386996665,15
B,North,Gillnets,winter,small,a,89.1195594180681,2
C,North,Gillnets,winter,small,a,90.7779435458993,1
D,North,Gillnets,winter,small,a,53.2305154155283,3
E,North,Gillnets,winter,small,a,91.9100134892315,7
F,North,Gillnets,winter,small,a,80.6560566718053,0
G,North,Gillnets,winter,small,a,72.3060563091166,0
H,North,Gillnets,winter,small,a,67.0109540107708,1
I,North,Gillnets,winter,small,a,65.9120978272526,0
J,North,Gillnets,winter,small,a,95.7858436986501,0
A,South,Gillnets,winter,small,a,61.2644801809545,47
B,South,Gillnets,winter,small,a,79.6775583579398,0
C,South,Gillnets,winter,small,a,54.9486143223432,0
D,South,Gillnets,winter,small,a,61.7152402311701,4
E,South,Gillnets,winter,small,a,83.5115556429738,0
F,South,Gillnets,winter,small,a,43.0092763526473,2
G,South,Gillnets,winter,small,a,62.6219223370031,0
H,South,Gillnets,winter,small,a,107.883710303045,0
I,South,Gillnets,winter,small,a,83.1004500951951,0
J,South,Gillnets,winter,small,a,81.2778621255384,0
A,North,Longlines,winter,small,a,77.5146639358264,0
B,North,Longlines,winter,small,a,80.2175529309466,3
C,North,Longlines,winter,small,a,69.3582366450538,0
D,North,Longlines,winter,small,a,71.0059967869725,0
E,North,Longlines,winter,small,a,90.4352912404346,0
F,North,Longlines,winter,small,a,39.3526877833885,0
G,North,Longlines,winter,small,a,88.1174313723681,1
H,North,Longlines,winter,small,a,61.4351891016918,0
I,North,Longlines,winter,small,a,36.1341448191266,0
J,North,Longlines,winter,small,a,67.5763572189466,0
A,South,Longlines,winter,small,a,29.8044305925628,0
B,South,Longlines,winter,small,a,42.3079985266857,0
C,South,Longlines,winter,small,a,66.0435499722623,6
D,South,Longlines,winter,small,a,73.3388314393198,0
E,South,Longlines,winter,small,a,76.1505896498094,0
F,South,Longlines,winter,small,a,53.8020270365534,0
G,South,Longlines,winter,small,a,40.2086376071116,0
H,South,Longlines,winter,small,a,90.2056630497133,0
I,South,Longlines,winter,small,a,86.1029096843261,0
J,South,Longlines,winter,small,a,76.4189603347593,0
A,North,Trawlers,winter,small,a,114.021402412666,0
B,North,Trawlers,winter,small,a,236.731453446906,10
C,North,Trawlers,winter,small,a,254.35545530094,7
D,North,Trawlers,winter,small,a,262.985976364053,116
E,North,Trawlers,winter,small,a,175.235447260355,35
F,North,Trawlers,winter,small,a,165.831272815079,0
G,North,Trawlers,winter,small,a,242.085560808541,2
H,North,Trawlers,winter,small,a,234.232556057852,2
I,North,Trawlers,winter,small,a,218.275120505903,0
J,North,Trawlers,winter,small,a,123.914641594751,0
A,South,Trawlers,winter,small,a,207.959274641985,0
B,South,Trawlers,winter,small,a,275.847115843069,0
C,South,Trawlers,winter,small,a,194.067793161532,5
D,South,Trawlers,winter,small,a,143.33557600617,17
E,South,Trawlers,winter,small,a,103.700866238944,1
F,South,Trawlers,winter,small,a,195.469314388674,0
G,South,Trawlers,winter,small,a,211.899857130121,0
H,South,Trawlers,winter,small,a,287.093414771191,0
I,South,Trawlers,winter,small,a,171.514053588075,0
J,South,Trawlers,winter,small,a,165.750608184375,0
A,North,Gillnets,spring,small,a,125.53679256489,1
B,North,Gillnets,spring,small,a,195.463702949847,0
C,North,Gillnets,spring,small,a,144.738413021441,0
D,North,Gillnets,spring,small,a,157.534957855028,0
E,North,Gillnets,spring,small,a,163.36965286879,24
F,North,Gillnets,spring,small,a,182.184417482706,4
G,North,Gillnets,spring,small,a,199.407500532251,0
H,North,Gillnets,spring,small,a,112.756579619331,1
I,North,Gillnets,spring,small,a,73.3149689015286,1
J,North,Gillnets,spring,small,a,195.166196119479,0
A,South,Gillnets,spring,small,a,94.495978448106,0
B,South,Gillnets,spring,small,a,150.464922030494,0
C,South,Gillnets,spring,small,a,171.200725381715,2
D,South,Gillnets,spring,small,a,144.370349217658,16
E,South,Gillnets,spring,small,a,140.214474673554,0
F,South,Gillnets,spring,small,a,187.370725401998,0
G,South,Gillnets,spring,small,a,151.446751899577,0
H,South,Gillnets,spring,small,a,138.515309025689,0
I,South,Gillnets,spring,small,a,215.667138282655,0
J,South,Gillnets,spring,small,a,125.259609699696,0
A,North,Longlines,spring,small,a,90.447742471312,1
B,North,Longlines,spring,small,a,120.259477277668,0
C,North,Longlines,spring,small,a,139.34524173585,0
D,North,Longlines,spring,small,a,85.575305537079,0
E,North,Longlines,spring,small,a,172.039596257246,0
F,North,Longlines,spring,small,a,117.432571113377,0
G,North,Longlines,spring,small,a,144.895234424139,2
H,North,Longlines,spring,small,a,232.470884976995,0
I,North,Longlines,spring,small,a,196.251598848899,0
J,North,Longlines,spring,small,a,131.189949402914,0
A,South,Longlines,spring,small,a,135.943278773514,1
B,South,Longlines,spring,small,a,205.795363243411,0
C,South,Longlines,spring,small,a,94.2050911784205,13
D,South,Longlines,spring,small,a,94.9283366111665,0
E,South,Longlines,spring,small,a,175.420169275472,0
F,South,Longlines,spring,small,a,170.025405993933,7
G,South,Longlines,spring,small,a,141.805947875545,1
H,South,Longlines,spring,small,a,107.202297712858,0
I,South,Longlines,spring,small,a,180.390641227887,0
J,South,Longlines,spring,small,a,250.329127391282,0
A,North,Trawlers,spring,small,a,330.146316595321,0
B,North,Trawlers,spring,small,a,472.511100209715,0
C,North,Trawlers,spring,small,a,359.072404624046,6
D,North,Trawlers,spring,small,a,400.410761286294,728
E,North,Trawlers,spring,small,a,357.014874897007,596
F,North,Trawlers,spring,small,a,394.420776493468,1
G,North,Trawlers,spring,small,a,401.374592565018,1
H,North,Trawlers,spring,small,a,254.685685577717,0
I,North,Trawlers,spring,small,a,480.690275710678,0
J,North,Trawlers,spring,small,a,415.015571388865,0
A,South,Trawlers,spring,small,a,483.884263721505,0
B,South,Trawlers,spring,small,a,322.349581629181,0
C,South,Trawlers,spring,small,a,414.386736323759,8
D,South,Trawlers,spring,small,a,465.005256021897,113
E,South,Trawlers,spring,small,a,396.320831914981,6
F,South,Trawlers,spring,small,a,372.533688235588,0
G,South,Trawlers,spring,small,a,514.453091676019,0
H,South,Trawlers,spring,small,a,189.04055617323,2
I,South,Trawlers,spring,small,a,337.126278478691,0
J,South,Trawlers,spring,small,a,602.17748163998,0
A,North,Gillnets,summer,small,a,102.981015246541,1
B,North,Gillnets,summer,small,a,223.188401838191,0
C,North,Gillnets,summer,small,a,174.096141330949,0
D,North,Gillnets,summer,small,a,219.550749924991,106
E,North,Gillnets,summer,small,a,162.524665690506,1
F,North,Gillnets,summer,small,a,173.582242272196,10
G,North,Gillnets,summer,small,a,153.070361827215,0
H,North,Gillnets,summer,small,a,191.014089932631,0
I,North,Gillnets,summer,small,a,135.251967555574,0
J,North,Gillnets,summer,small,a,113.346333719421,0
A,South,Gillnets,summer,small,a,150.1138527327,4
B,South,Gillnets,summer,small,a,163.011036421044,0
C,South,Gillnets,summer,small,a,145.586529949325,1
D,South,Gillnets,summer,small,a,116.726172920886,15
E,South,Gillnets,summer,small,a,165.450159214508,0
F,South,Gillnets,summer,small,a,118.287739898,12
G,South,Gillnets,summer,small,a,192.427718960968,0
H,South,Gillnets,summer,small,a,204.994138510127,0
I,South,Gillnets,summer,small,a,204.646084691534,2
J,South,Gillnets,summer,small,a,164.623148735096,0
A,North,Longlines,summer,small,a,166.671170873942,0
B,North,Longlines,summer,small,a,150.11366179359,0
C,North,Longlines,summer,small,a,196.805644218771,6
D,North,Longlines,summer,small,a,137.351491395184,0
E,North,Longlines,summer,small,a,163.238175120446,0
F,North,Longlines,summer,small,a,201.235258024458,172
G,North,Longlines,summer,small,a,243.770444914208,0
H,North,Longlines,summer,small,a,207.699049605024,10
I,North,Longlines,summer,small,a,145.658637972895,0
J,North,Longlines,summer,small,a,132.410922367274,0
A,South,Longlines,summer,small,a,173.703546722954,1
B,South,Longlines,summer,small,a,118.266649151551,0
C,South,Longlines,summer,small,a,160.661370444058,1
D,South,Longlines,summer,small,a,186.213358474685,0
E,South,Longlines,summer,small,a,213.431598493099,0
F,South,Longlines,summer,small,a,63.5376962016323,1
G,South,Longlines,summer,small,a,220.229347985921,0
H,South,Longlines,summer,small,a,115.697479689034,1
I,South,Longlines,summer,small,a,177.119651652359,0
J,South,Longlines,summer,small,a,150.647127794834,0
A,North,Trawlers,summer,small,a,370.572512432994,0
B,North,Trawlers,summer,small,a,273.22932292774,0
C,North,Trawlers,summer,small,a,436.564902668964,12
D,North,Trawlers,summer,small,a,461.178235805638,108
E,North,Trawlers,summer,small,a,411.271978632785,4
F,North,Trawlers,summer,small,a,384.442092810772,2
G,North,Trawlers,summer,small,a,260.334389383746,4
H,North,Trawlers,summer,small,a,274.665558338476,8
I,North,Trawlers,summer,small,a,306.443531112886,0
J,North,Trawlers,summer,small,a,278.297555005078,0
A,South,Trawlers,summer,small,a,229.604330286211,0
B,South,Trawlers,summer,small,a,326.43428896249,0
C,South,Trawlers,summer,small,a,366.636564434815,14
D,South,Trawlers,summer,small,a,347.59251745319,12
E,South,Trawlers,summer,small,a,396.09034977506,1
F,South,Trawlers,summer,small,a,513.649155964971,1
G,South,Trawlers,summer,small,a,599.472148236206,46
H,South,Trawlers,summer,small,a,474.345501378612,2
I,South,Trawlers,summer,small,a,475.195428670946,0
J,South,Trawlers,summer,small,a,240.815041134242,0
A,North,Gillnets,fall,small,a,0,0
B,North,Gillnets,fall,small,a,0,0
C,North,Gillnets,fall,small,a,0,0
D,North,Gillnets,fall,small,a,0,0
E,North,Gillnets,fall,small,a,0,0
F,North,Gillnets,fall,small,a,0,0
G,North,Gillnets,fall,small,a,0,0
H,North,Gillnets,fall,small,a,0,0
I,North,Gillnets,fall,small,a,0,0
J,North,Gillnets,fall,small,a,0,0
A,South,Gillnets,fall,small,a,0,0
B,South,Gillnets,fall,small,a,0,0
C,South,Gillnets,fall,small,a,0,0
D,South,Gillnets,fall,small,a,0,0
E,South,Gillnets,fall,small,a,0,0
F,South,Gillnets,fall,small,a,0,0
G,South,Gillnets,fall,small,a,0,0
H,South,Gillnets,fall,small,a,0,0
I,South,Gillnets,fall,small,a,0,0
J,South,Gillnets,fall,small,a,0,0
A,North,Longlines,fall,small,a,123.80931293278,14
B,North,Longlines,fall,small,a,160.576911072496,0
C,North,Longlines,fall,small,a,136.861439101511,3
D,North,Longlines,fall,small,a,172.814043864459,0
E,North,Longlines,fall,small,a,24.6837100465588,0
F,North,Longlines,fall,small,a,162.94776937301,2
G,North,Longlines,fall,small,a,189.196729461217,1
H,North,Longlines,fall,small,a,127.286487654428,0
I,North,Longlines,fall,small,a,142.028131125092,0
J,North,Longlines,fall,small,a,86.657091724113,0
A,South,Longlines,fall,small,a,138.215715677952,0
B,South,Longlines,fall,small,a,144.708223293132,1
C,South,Longlines,fall,small,a,145.792940858094,2
D,South,Longlines,fall,small,a,158.521511416628,0
E,South,Longlines,fall,small,a,164.711010676091,0
F,South,Longlines,fall,small,a,136.228888223315,2
G,South,Longlines,fall,small,a,182.256618092888,0
H,South,Longlines,fall,small,a,123.740858256416,0
I,South,Longlines,fall,small,a,152.660067096302,0
J,South,Longlines,fall,small,a,173.944773082982,0
A,North,Trawlers,fall,small,a,291.125815105699,0
B,North,Trawlers,fall,small,a,309.157350291899,1
C,North,Trawlers,fall,small,a,310.775868729005,2
D,North,Trawlers,fall,small,a,428.691023026087,863
E,North,Trawlers,fall,small,a,427.001495036365,14
F,North,Trawlers,fall,small,a,343.743040014376,0
G,North,Trawlers,fall,small,a,391.865304573776,2
H,North,Trawlers,fall,small,a,403.70650006325,7
I,North,Trawlers,fall,small,a,409.18275872666,0
J,North,Trawlers,fall,small,a,401.952467540761,0
A,South,Trawlers,fall,small,a,261.539947501074,1
B,South,Trawlers,fall,small,a,351.225081801237,0
C,South,Trawlers,fall,small,a,469.899488949215,1
D,South,Trawlers,fall,small,a,379.071159243857,463
E,South,Trawlers,fall,small,a,379.218003905053,9
F,South,Trawlers,fall,small,a,413.921662855998,0
G,South,Trawlers,fall,small,a,448.874254159383,6
H,South,Trawlers,fall,small,a,294.834212172186,0
I,South,Trawlers,fall,small,a,282.467112159759,0
J,South,Trawlers,fall,small,a,426.358644965982,0
A,North,Gillnets,winter,large,a,91.8107007237656,10
B,North,Gillnets,winter,large,a,109.111480812996,31
C,North,Gillnets,winter,large,a,45.625971339542,0
D,North,Gillnets,winter,large,a,65.0581505993774,0
E,North,Gillnets,winter,large,a,85.3197094818427,4
F,North,Gillnets,winter,large,a,105.202240544385,0
G,North,Gillnets,winter,large,a,69.1684541805207,0
H,North,Gillnets,winter,large,a,76.5973908160146,3
I,North,Gillnets,winter,large,a,88.4955488818852,0
J,North,Gillnets,winter,large,a,57.4087716660525,0
A,South,Gillnets,winter,large,a,77.6314630023761,7
B,South,Gillnets,winter,large,a,97.4218709637287,11
C,South,Gillnets,winter,large,a,65.9723613312863,0
D,South,Gillnets,winter,large,a,64.4999632762804,60
E,South,Gillnets,winter,large,a,58.6228337643194,3
F,South,Gillnets,winter,large,a,74.7195091629676,0
G,South,Gillnets,winter,large,a,72.8713319047048,0
H,South,Gillnets,winter,large,a,90.4516636919487,0
I,South,Gillnets,winter,large,a,60.090699156567,0
J,South,Gillnets,winter,large,a,57.6649277300132,0
A,North,Longlines,winter,large,a,94.974997903526,137
B,North,Longlines,winter,large,a,69.1702524346362,21
C,North,Longlines,winter,large,a,77.803832937235,25
D,North,Longlines,winter,large,a,95.45625539364,0
E,North,Longlines,winter,large,a,92.3034312026073,0
F,North,Longlines,winter,large,a,64.3272184838917,0
G,North,Longlines,winter,large,a,78.6351343105982,1
H,North,Longlines,winter,large,a,65.0407817652424,0
I,North,Longlines,winter,large,a,61.2069395909956,0
J,North,Longlines,winter,large,a,41.855088201274,0
A,South,Longlines,winter,large,a,88.7805367075998,3
B,South,Longlines,winter,large,a,88.1750629645761,26
C,South,Longlines,winter,large,a,80.3148237553132,14
D,South,Longlines,winter,large,a,57.0904320336757,0
E,South,Longlines,winter,large,a,91.9179537657202,0
F,South,Longlines,winter,large,a,89.7280561034055,0
G,South,Longlines,winter,large,a,85.6398962365553,0
H,South,Longlines,winter,large,a,72.5702284883603,0
I,South,Longlines,winter,large,a,79.1263849780128,0
J,South,Longlines,winter,large,a,55.9071212313521,0
A,North,Trawlers,winter,large,a,154.529725371027,0
B,North,Trawlers,winter,large,a,162.206796054875,2
C,North,Trawlers,winter,large,a,140.988407464523,3
D,North,Trawlers,winter,large,a,239.970582748717,906
E,North,Trawlers,winter,large,a,116.605850146129,9
F,North,Trawlers,winter,large,a,160.091111003636,0
G,North,Trawlers,winter,large,a,153.753482544575,0
H,North,Trawlers,winter,large,a,211.234834309363,11
I,North,Trawlers,winter,large,a,154.321981222876,0
J,North,Trawlers,winter,large,a,263.040467412423,0
A,South,Trawlers,winter,large,a,194.626555885826,0
B,South,Trawlers,winter,large,a,221.27008499709,32
C,South,Trawlers,winter,large,a,158.294772624278,6
D,South,Trawlers,winter,large,a,170.414444399149,356
E,South,Trawlers,winter,large,a,244.365942472694,4
F,South,Trawlers,winter,large,a,168.933140916084,0
G,South,Trawlers,winter,large,a,227.419819955243,2
H,South,Trawlers,winter,large,a,173.832731037838,3
I,South,Trawlers,winter,large,a,138.075101884533,0
J,South,Trawlers,winter,large,a,119.914166254704,0
A,North,Gillnets,spring,large,a,168.362552398721,8
B,North,Gillnets,spring,large,a,142.404279892334,4
C,North,Gillnets,spring,large,a,116.830559772853,0
D,North,Gillnets,spring,large,a,97.9386083570347,0
E,North,Gillnets,spring,large,a,202.953366818901,2
F,North,Gillnets,spring,large,a,97.0922779261855,1
G,North,Gillnets,spring,large,a,182.220231667457,0
H,North,Gillnets,spring,large,a,188.180896305729,5
I,North,Gillnets,spring,large,a,154.037608682919,0
J,North,Gillnets,spring,large,a,177.071080007181,0
A,South,Gillnets,spring,large,a,181.574270196498,1
B,South,Gillnets,spring,large,a,82.3904253813602,0
C,South,Gillnets,spring,large,a,210.955415937954,2
D,South,Gillnets,spring,large,a,182.239721747399,0
E,South,Gillnets,spring,large,a,138.785481479021,0
F,South,Gillnets,spring,large,a,100.760275282366,0
G,South,Gillnets,spring,large,a,179.724656623607,0
H,South,Gillnets,spring,large,a,158.373064055308,0
I,South,Gillnets,spring,large,a,106.074889478991,0
J,South,Gillnets,spring,large,a,164.849693056363,0
A,North,Longlines,spring,large,a,209.932266853719,29
B,North,Longlines,spring,large,a,121.681314374187,0
C,North,Longlines,spring,large,a,89.0542635450687,3
D,North,Longlines,spring,large,a,94.2240592331157,0
E,North,Longlines,spring,large,a,152.759376949964,0
F,North,Longlines,spring,large,a,159.499544309998,0
G,North,Longlines,spring,large,a,185.201776600931,2
H,North,Longlines,spring,large,a,92.2727957660143,1
I,North,Longlines,spring,large,a,160.639685226523,0
J,North,Longlines,spring,large,a,200.133762886772,0
A,South,Longlines,spring,large,a,52.4718356623007,0
B,South,Longlines,spring,large,a,186.398026901754,2
C,South,Longlines,spring,large,a,149.284395343574,7
D,South,Longlines,spring,large,a,148.048724114358,0
E,South,Longlines,spring,large,a,169.248720062368,0
F,South,Longlines,spring,large,a,100.361667359037,1
G,South,Longlines,spring,large,a,159.46002310606,5
H,South,Longlines,spring,large,a,123.100794877322,0
I,South,Longlines,spring,large,a,146.744981390514,0
J,South,Longlines,spring,large,a,120.871487176828,0
A,North,Trawlers,spring,large,a,308.107385575232,0
B,North,Trawlers,spring,large,a,609.584843718077,0
C,North,Trawlers,spring,large,a,100.889149580827,0
D,North,Trawlers,spring,large,a,509.573664072999,149
E,North,Trawlers,spring,large,a,166.02329156251,500
F,North,Trawlers,spring,large,a,391.432414629849,0
G,North,Trawlers,spring,large,a,280.733149284738,0
H,North,Trawlers,spring,large,a,298.457944956889,26
I,North,Trawlers,spring,large,a,343.782443517872,0
J,North,Trawlers,spring,large,a,446.161268166889,0
A,South,Trawlers,spring,large,a,407.387713809564,0
B,South,Trawlers,spring,large,a,206.266000132811,0
C,South,Trawlers,spring,large,a,379.593767685554,5
D,South,Trawlers,spring,large,a,439.212672935554,1748
E,South,Trawlers,spring,large,a,324.959822823469,14
F,South,Trawlers,spring,large,a,141.037170787002,0
G,South,Trawlers,spring,large,a,442.513666913366,0
H,South,Trawlers,spring,large,a,577.929177287393,4
I,South,Trawlers,spring,large,a,459.606387766907,0
J,South,Trawlers,spring,large,a,321.235588636246,0
A,North,Gillnets,summer,large,a,144.009056847583,3
B,North,Gillnets,summer,large,a,167.24216423639,2
C,North,Gillnets,summer,large,a,125.017191132222,1
D,North,Gillnets,summer,large,a,132.937304511226,0
E,North,Gillnets,summer,large,a,121.022601619518,43
F,North,Gillnets,summer,large,a,113.220546028849,0
G,North,Gillnets,summer,large,a,141.364195037216,0
H,North,Gillnets,summer,large,a,156.673833732671,2
I,North,Gillnets,summer,large,a,125.076373502273,0
J,North,Gillnets,summer,large,a,105.20783929244,0
A,South,Gillnets,summer,large,a,100.096323112227,3
B,South,Gillnets,summer,large,a,132.328912344504,0
C,South,Gillnets,summer,large,a,113.208072710818,0
D,South,Gillnets,summer,large,a,123.611221197986,127
E,South,Gillnets,summer,large,a,140.554863653666,0
F,South,Gillnets,summer,large,a,205.122332262698,0
G,South,Gillnets,summer,large,a,97.2976136279104,0
H,South,Gillnets,summer,large,a,162.334819299606,0
I,South,Gillnets,summer,large,a,65.0561760337665,0
J,South,Gillnets,summer,large,a,179.394725301803,0
A,North,Longlines,summer,large,a,149.057846012666,2
B,North,Longlines,summer,large,a,175.988296157929,2
C,North,Longlines,summer,large,a,113.100607524473,1
D,North,Longlines,summer,large,a,236.732104766665,0
E,North,Longlines,summer,large,a,83.0239989763392,0
F,North,Longlines,summer,large,a,152.101976607151,0
G,North,Longlines,summer,large,a,133.060595336849,0
H,North,Longlines,summer,large,a,149.580208230944,3
I,North,Longlines,summer,large,a,154.137260013943,0
J,North,Longlines,summer,large,a,103.447059423039,0
A,South,Longlines,summer,large,a,134.474035400551,0
B,South,Longlines,summer,large,a,120.365932777242,1
C,South,Longlines,summer,large,a,84.8293855970465,1
D,South,Longlines,summer,large,a,208.078117039397,0
E,South,Longlines,summer,large,a,135.115993597933,0
F,South,Longlines,summer,large,a,41.8900468440326,0
G,South,Longlines,summer,large,a,157.418074145748,0
H,South,Longlines,summer,large,a,45.9702247251929,0
I,South,Longlines,summer,large,a,151.791912924217,0
J,South,Longlines,summer,large,a,161.208445374237,0
A,North,Trawlers,summer,large,a,460.060634531554,0
B,North,Trawlers,summer,large,a,369.50028831567,1
C,North,Trawlers,summer,large,a,303.678363294076,0
D,North,Trawlers,summer,large,a,650.660358246122,2987
E,North,Trawlers,summer,large,a,350.832590636317,342
F,North,Trawlers,summer,large,a,284.989692882335,0
G,North,Trawlers,summer,large,a,199.255880896307,4
H,North,Trawlers,summer,large,a,420.706775407357,4
I,North,Trawlers,summer,large,a,298.286385452714,0
J,North,Trawlers,summer,large,a,363.679949360379,0
A,South,Trawlers,summer,large,a,405.012970258719,0
B,South,Trawlers,summer,large,a,283.229533285769,2
C,South,Trawlers,summer,large,a,424.993716541978,3
D,South,Trawlers,summer,large,a,256.520293150986,187
E,South,Trawlers,summer,large,a,458.067343770288,1
F,South,Trawlers,summer,large,a,347.544922828327,0
G,South,Trawlers,summer,large,a,284.025781558804,2
H,South,Trawlers,summer,large,a,445.847783389543,2
I,South,Trawlers,summer,large,a,393.687563382894,0
J,South,Trawlers,summer,large,a,417.838511673532,0
A,North,Gillnets,fall,large,a,0,0
B,North,Gillnets,fall,large,a,0,0
C,North,Gillnets,fall,large,a,0,0
D,North,Gillnets,fall,large,a,0,0
E,North,Gillnets,fall,large,a,0,0
F,North,Gillnets,fall,large,a,0,0
G,North,Gillnets,fall,large,a,0,0
H,North,Gillnets,fall,large,a,0,0
I,North,Gillnets,fall,large,a,0,0
J,North,Gillnets,fall,large,a,0,0
A,South,Gillnets,fall,large,a,0,0
B,South,Gillnets,fall,large,a,0,0
C,South,Gillnets,fall,large,a,0,0
D,South,Gillnets,fall,large,a,0,0
E,South,Gillnets,fall,large,a,0,0
F,South,Gillnets,fall,large,a,0,0
G,South,Gillnets,fall,large,a,0,0
H,South,Gillnets,fall,large,a,0,0
I,South,Gillnets,fall,large,a,0,0
J,South,Gillnets,fall,large,a,0,0
A,North,Longlines,fall,large,a,155.630395051774,9
B,North,Longlines,fall,large,a,145.672106745984,1
C,North,Longlines,fall,large,a,42.9643062759184,1
D,North,Longlines,fall,large,a,154.337893675803,0
E,North,Longlines,fall,large,a,133.976367074359,0
F,North,Longlines,fall,large,a,153.063421858534,1
G,North,Longlines,fall,large,a,219.774914585307,0
H,North,Longlines,fall,large,a,139.377949700099,0
I,North,Longlines,fall,large,a,223.012495474623,0
J,North,Longlines,fall,large,a,162.818266898813,0
A,South,Longlines,fall,large,a,148.045212344499,18
B,South,Longlines,fall,large,a,124.24618499548,0
C,South,Longlines,fall,large,a,148.910089897132,17
D,South,Longlines,fall,large,a,135.888460575086,0
E,South,Longlines,fall,large,a,167.072852630936,0
F,South,Longlines,fall,large,a,236.464304155083,0
G,South,Longlines,fall,large,a,126.698298050953,2
H,South,Longlines,fall,large,a,146.923230033456,0
I,South,Longlines,fall,large,a,98.9157834142406,0
J,South,Longlines,fall,large,a,149.240532328063,0
A,North,Trawlers,fall,large,a,452.89563600571,0
B,North,Trawlers,fall,large,a,397.833929087069,6
C,North,Trawlers,fall,large,a,402.259917553857,4
D,North,Trawlers,fall,large,a,404.073224990387,302
E,North,Trawlers,fall,large,a,422.376928240393,1
F,North,Trawlers,fall,large,a,525.358792634427,0
G,North,Trawlers,fall,large,a,320.529147128379,0
H,North,Trawlers,fall,large,a,452.254880073712,8
I,North,Trawlers,fall,large,a,411.360457171627,0
J,North,Trawlers,fall,large,a,437.67130878956,0
A,South,Trawlers,fall,large,a,357.117230968747,2
B,South,Trawlers,fall,large,a,229.852801289773,6
C,South,Trawlers,fall,large,a,315.174482839583,5
D,South,Trawlers,fall,large,a,407.636578447681,358
E,South,Trawlers,fall,large,a,256.447099381715,2
F,South,Trawlers,fall,large,a,402.01899843484,0
G,South,Trawlers,fall,large,a,426.268397030345,1
H,South,Trawlers,fall,large,a,389.756734549305,0
I,South,Trawlers,fall,large,a,175.067372994474,0
J,South,Trawlers,fall,large,a,297.55272848693,0
A,North,Gillnets,winter,small,b,68.1930614357292,17
B,North,Gillnets,winter,small,b,59.7080316523143,0
C,North,Gillnets,winter,small,b,102.034001842906,0
D,North,Gillnets,winter,small,b,38.8468213447832,5
E,North,Gillnets,winter,small,b,76.2472567495237,0
F,North,Gillnets,winter,small,b,61.5042713517825,3
G,North,Gillnets,winter,small,b,56.958935998678,0
H,North,Gillnets,winter,small,b,78.4067460811468,0
I,North,Gillnets,winter,small,b,67.6698412916139,0
J,North,Gillnets,winter,small,b,68.2717517815039,0
A,South,Gillnets,winter,small,b,59.1779406199848,73
B,South,Gillnets,winter,small,b,66.3679672027327,0
C,South,Gillnets,winter,small,b,82.9142384892665,1
D,South,Gillnets,winter,small,b,79.9260580327508,50
E,South,Gillnets,winter,small,b,54.4363054082646,0
F,South,Gillnets,winter,small,b,76.5986579547464,0
G,South,Gillnets,winter,small,b,69.8742777140211,0
H,South,Gillnets,winter,small,b,72.9509435672579,1
I,South,Gillnets,winter,small,b,82.8147386620243,0
J,South,Gillnets,winter,small,b,32.3912393185987,0
A,North,Longlines,winter,small,b,47.6966784021826,12
B,North,Longlines,winter,small,b,115.648550051009,0
C,North,Longlines,winter,small,b,74.1708664444667,19
D,North,Longlines,winter,small,b,55.528928148561,0
E,North,Longlines,winter,small,b,80.2409433672771,0
F,North,Longlines,winter,small,b,100.543553204444,2
G,North,Longlines,winter,small,b,69.8376043852096,0
H,North,Longlines,winter,small,b,74.9363947870016,0
I,North,Longlines,winter,small,b,60.1449739212405,0
J,North,Longlines,winter,small,b,74.1438988664633,0
A,South,Longlines,winter,small,b,68.2460088341466,3
B,South,Longlines,winter,small,b,56.4445368051527,2
C,South,Longlines,winter,small,b,124.743887947803,4
D,South,Longlines,winter,small,b,93.8354479879325,0
E,South,Longlines,winter,small,b,101.55939417392,0
F,South,Longlines,winter,small,b,85.5410629448033,3
G,South,Longlines,winter,small,b,110.127917204749,0
H,South,Longlines,winter,small,b,84.1481725478017,0
I,South,Longlines,winter,small,b,90.0801948009658,0
J,South,Longlines,winter,small,b,99.6680974329077,0
A,North,Trawlers,winter,small,b,159.574708316993,0
B,North,Trawlers,winter,small,b,177.855536320056,0
C,North,Trawlers,winter,small,b,261.427718242966,52
D,North,Trawlers,winter,small,b,189.205308552541,1
E,North,Trawlers,winter,small,b,202.232970987861,1
F,North,Trawlers,winter,small,b,123.981658016147,0
G,North,Trawlers,winter,small,b,194.624964330495,0
H,North,Trawlers,winter,small,b,212.37899894177,6
I,North,Trawlers,winter,small,b,200.453172674644,0
J,North,Trawlers,winter,small,b,170.961857139741,0
A,South,Trawlers,winter,small,b,92.7997754586687,1
B,South,Trawlers,winter,small,b,239.964259214936,3
C,South,Trawlers,winter,small,b,112.62558454805,0
D,South,Trawlers,winter,small,b,194.938969958368,461
E,South,Trawlers,winter,small,b,147.384189771427,0
F,South,Trawlers,winter,small,b,195.339743104242,0
G,South,Trawlers,winter,small,b,247.004403044859,0
H,South,Trawlers,winter,small,b,111.409845109794,1
I,South,Trawlers,winter,small,b,157.312272470295,0
J,South,Trawlers,winter,small,b,161.218844065961,0
A,North,Gillnets,spring,small,b,136.761093954645,29
B,North,Gillnets,spring,small,b,176.842328201509,1
C,North,Gillnets,spring,small,b,123.353590918555,1
D,North,Gillnets,spring,small,b,171.125533967048,13
E,North,Gillnets,spring,small,b,205.821370057847,0
F,North,Gillnets,spring,small,b,192.775041076523,0
G,North,Gillnets,spring,small,b,145.623973537105,0
H,North,Gillnets,spring,small,b,94.8329352534131,0
I,North,Gillnets,spring,small,b,143.981950347543,0
J,North,Gillnets,spring,small,b,100.484938050353,0
A,South,Gillnets,spring,small,b,155.772096436103,5
B,South,Gillnets,spring,small,b,216.830094162317,0
C,South,Gillnets,spring,small,b,162.982952370395,0
D,South,Gillnets,spring,small,b,91.5059114208553,34
E,South,Gillnets,spring,small,b,186.785602595752,0
F,South,Gillnets,spring,small,b,171.502758475007,0
G,South,Gillnets,spring,small,b,178.861979047112,0
H,South,Gillnets,spring,small,b,167.242349737852,0
I,South,Gillnets,spring,small,b,138.706459428562,0
J,South,Gillnets,spring,small,b,178.485698937512,0
A,North,Longlines,spring,small,b,96.085648481781,2
B,North,Longlines,spring,small,b,121.71733212425,0
C,North,Longlines,spring,small,b,190.199118910079,1
D,North,Longlines,spring,small,b,189.759695041508,0
E,North,Longlines,spring,small,b,100.177449727237,0
F,North,Longlines,spring,small,b,180.04289433352,1
G,North,Longlines,spring,small,b,144.19569746029,0
H,North,Longlines,spring,small,b,142.014774179225,1
I,North,Longlines,spring,small,b,180.087327367246,0
J,North,Longlines,spring,small,b,161.46211944192,0
A,South,Longlines,spring,small,b,155.780531124604,2
B,South,Longlines,spring,small,b,104.867076661836,0
C,South,Longlines,spring,small,b,189.651851841747,1
D,South,Longlines,spring,small,b,130.431973706588,0
E,South,Longlines,spring,small,b,126.572575305148,0
F,South,Longlines,spring,small,b,120.432489749686,0
G,South,Longlines,spring,small,b,108.109053182644,0
H,South,Longlines,spring,small,b,182.998174602945,0
I,South,Longlines,spring,small,b,243.158504667564,0
J,South,Longlines,spring,small,b,124.997137445022,0
A,North,Trawlers,spring,small,b,337.236325410255,0
B,North,Trawlers,spring,small,b,613.895837582481,0
C,North,Trawlers,spring,small,b,281.174332892107,3
D,North,Trawlers,spring,small,b,445.057791398622,762
E,North,Trawlers,spring,small,b,434.058079270457,34
F,North,Trawlers,spring,small,b,424.605665246109,0
G,North,Trawlers,spring,small,b,401.608795106576,0
H,North,Trawlers,spring,small,b,470.343737200727,28
I,North,Trawlers,spring,small,b,270.837574840648,0
J,North,Trawlers,spring,small,b,437.705281689183,0
A,South,Trawlers,spring,small,b,337.282624641421,0
B,South,Trawlers,spring,small,b,341.859441824227,0
C,South,Trawlers,spring,small,b,237.917392303892,1
D,South,Trawlers,spring,small,b,462.321682260916,1149
E,South,Trawlers,spring,small,b,311.468480524797,13
F,South,Trawlers,spring,small,b,356.162907200232,0
G,South,Trawlers,spring,small,b,343.243635834049,0
H,South,Trawlers,spring,small,b,296.564161368623,4
I,South,Trawlers,spring,small,b,239.175361887229,0
J,South,Trawlers,spring,small,b,516.070438099053,0
A,North,Gillnets,summer,small,b,163.615530401296,1
B,North,Gillnets,summer,small,b,152.328267414418,0
C,North,Gillnets,summer,small,b,57.194638356307,0
D,North,Gillnets,summer,small,b,175.054374579512,43
E,North,Gillnets,summer,small,b,160.739747909752,0
F,North,Gillnets,summer,small,b,133.677483574914,0
G,North,Gillnets,summer,small,b,168.70799925972,0
H,North,Gillnets,summer,small,b,166.443938560999,0
I,North,Gillnets,summer,small,b,163.3810618849,0
J,North,Gillnets,summer,small,b,128.233248000438,0
A,South,Gillnets,summer,small,b,120.169860266398,0
B,South,Gillnets,summer,small,b,96.0846471678856,0
C,South,Gillnets,summer,small,b,100.580599592778,1
D,South,Gillnets,summer,small,b,124.987888814275,17
E,South,Gillnets,summer,small,b,187.51993469981,0
F,South,Gillnets,summer,small,b,165.503610564974,2
G,South,Gillnets,summer,small,b,90.6683848847243,0
H,South,Gillnets,summer,small,b,153.139667891613,1
I,South,Gillnets,summer,small,b,111.098909781759,0
J,South,Gillnets,summer,small,b,116.318445007564,0
A,North,Longlines,summer,small,b,85.5344993333328,2
B,North,Longlines,summer,small,b,121.166003920987,0
C,North,Longlines,summer,small,b,196.301948003897,0
D,North,Longlines,summer,small,b,210.552564103463,0
E,North,Longlines,summer,small,b,183.865203615668,0
F,North,Longlines,summer,small,b,136.653252007764,85
G,North,Longlines,summer,small,b,195.023746345021,0
H,North,Longlines,summer,small,b,90.7781327978043,0
I,North,Longlines,summer,small,b,112.993336578911,0
J,North,Longlines,summer,small,b,145.244182197131,0
A,South,Longlines,summer,small,b,206.092421507872,0
B,South,Longlines,summer,small,b,138.800425789567,0
C,South,Longlines,summer,small,b,161.594069499003,1
D,South,Longlines,summer,small,b,158.718581761606,0
E,South,Longlines,summer,small,b,128.027346417425,0
F,South,Longlines,summer,small,b,108.009438171393,0
G,South,Longlines,summer,small,b,189.823027875804,0
H,South,Longlines,summer,small,b,270.633548164319,0
I,South,Longlines,summer,small,b,203.804523049725,0
J,South,Longlines,summer,small,b,180.668550072045,0
A,North,Trawlers,summer,small,b,365.655034125109,0
B,North,Trawlers,summer,small,b,520.806847346792,0
C,North,Trawlers,summer,small,b,375.383888368348,18
D,North,Trawlers,summer,small,b,421.099897576246,156
E,North,Trawlers,summer,small,b,342.374809182574,18
F,North,Trawlers,summer,small,b,515.776990464959,0
G,North,Trawlers,summer,small,b,317.411801549953,0
H,North,Trawlers,summer,small,b,204.954555524177,15
I,North,Trawlers,summer,small,b,305.250720712783,0
J,North,Trawlers,summer,small,b,215.509516291218,0
A,South,Trawlers,summer,small,b,404.237550940594,0
B,South,Trawlers,summer,small,b,277.999131535777,1
C,South,Trawlers,summer,small,b,450.525784082346,9
D,South,Trawlers,summer,small,b,279.386784056438,13
E,South,Trawlers,summer,small,b,232.383274496513,2
F,South,Trawlers,summer,small,b,410.201682971986,0
G,South,Trawlers,summer,small,b,477.692823737209,0
H,South,Trawlers,summer,small,b,337.692976220881,1
I,South,Trawlers,summer,small,b,401.43728559592,0
J,South,Trawlers,summer,small,b,511.576209841601,0
A,North,Gillnets,fall,small,b,0,0
B,North,Gillnets,fall,small,b,0,0
C,North,Gillnets,fall,small,b,0,0
D,North,Gillnets,fall,small,b,0,0
E,North,Gillnets,fall,small,b,0,0
F,North,Gillnets,fall,small,b,0,0
G,North,Gillnets,fall,small,b,0,0
H,North,Gillnets,fall,small,b,0,0
I,North,Gillnets,fall,small,b,0,0
J,North,Gillnets,fall,small,b,0,0
A,South,Gillnets,fall,small,b,0,0
B,South,Gillnets,fall,small,b,0,0
C,South,Gillnets,fall,small,b,0,0
D,South,Gillnets,fall,small,b,0,0
E,South,Gillnets,fall,small,b,0,0
F,South,Gillnets,fall,small,b,0,0
G,South,Gillnets,fall,small,b,0,0
H,South,Gillnets,fall,small,b,0,0
I,South,Gillnets,fall,small,b,0,0
J,South,Gillnets,fall,small,b,0,0
A,North,Longlines,fall,small,b,153.798546135536,3
B,North,Longlines,fall,small,b,159.262905807546,0
C,North,Longlines,fall,small,b,195.321408498989,3
D,North,Longlines,fall,small,b,191.006945089376,1
E,North,Longlines,fall,small,b,128.232601565574,0
F,North,Longlines,fall,small,b,227.779133901612,4
G,North,Longlines,fall,small,b,208.692387899555,0
H,North,Longlines,fall,small,b,141.27762470849,2
I,North,Longlines,fall,small,b,138.367136722043,0
J,North,Longlines,fall,small,b,189.111716789788,0
A,South,Longlines,fall,small,b,189.065272343781,5
B,South,Longlines,fall,small,b,188.307414271444,0
C,South,Longlines,fall,small,b,186.949041179453,18
D,South,Longlines,fall,small,b,84.3918803153724,0
E,South,Longlines,fall,small,b,151.994025933575,0
F,South,Longlines,fall,small,b,96.5092021059774,0
G,South,Longlines,fall,small,b,141.255175140608,0
H,South,Longlines,fall,small,b,168.684764801142,0
I,South,Longlines,fall,small,b,196.319095722452,0
J,South,Longlines,fall,small,b,121.22000891368,0
A,North,Trawlers,fall,small,b,204.129445310697,0
B,North,Trawlers,fall,small,b,217.485218755399,0
C,North,Trawlers,fall,small,b,387.049844411229,0
D,North,Trawlers,fall,small,b,470.50127183543,233
E,North,Trawlers,fall,small,b,303.651763322472,12
F,North,Trawlers,fall,small,b,268.565757718788,0
G,North,Trawlers,fall,small,b,329.629369651377,0
H,North,Trawlers,fall,small,b,395.111287374206,33
I,North,Trawlers,fall,small,b,495.980558091202,0
J,North,Trawlers,fall,small,b,316.856401857059,0
A,South,Trawlers,fall,small,b,468.588469926886,0
B,South,Trawlers,fall,small,b,319.515742523751,1
C,South,Trawlers,fall,small,b,355.040156439569,2
D,South,Trawlers,fall,small,b,347.538428555538,2175
E,South,Trawlers,fall,small,b,425.142555046745,0
F,South,Trawlers,fall,small,b,479.143890807424,0
G,South,Trawlers,fall,small,b,359.633473148471,0
H,South,Trawlers,fall,small,b,514.844145972651,18
I,South,Trawlers,fall,small,b,175.272556244763,0
J,South,Trawlers,fall,small,b,625.257860774982,0
A,North,Gillnets,winter,large,b,62.8096444651107,584
B,North,Gillnets,winter,large,b,35.332448700129,1
C,North,Gillnets,winter,large,b,74.8713845215958,2
D,North,Gillnets,winter,large,b,70.935664284908,0
E,North,Gillnets,winter,large,b,80.5157067773216,6
F,North,Gillnets,winter,large,b,87.3585034118876,0
G,North,Gillnets,winter,large,b,85.8592243644209,0
H,North,Gillnets,winter,large,b,62.9687919384611,0
I,North,Gillnets,winter,large,b,74.3381762705529,0
J,North,Gillnets,winter,large,b,64.9042782679523,0
A,South,Gillnets,winter,large,b,73.3318771061808,10
B,South,Gillnets,winter,large,b,98.2505887621611,5
C,South,Gillnets,winter,large,b,102.623068445679,0
D,South,Gillnets,winter,large,b,103.464902509519,11
E,South,Gillnets,winter,large,b,98.4702575469159,1
F,South,Gillnets,winter,large,b,92.0442380390048,1
G,South,Gillnets,winter,large,b,59.3598856916782,0
H,South,Gillnets,winter,large,b,43.5860412759398,0
I,South,Gillnets,winter,large,b,50.9103881519149,0
J,South,Gillnets,winter,large,b,57.7237418579196,0
A,North,Longlines,winter,large,b,59.5672860229029,44
B,North,Longlines,winter,large,b,41.4032016234908,15
C,North,Longlines,winter,large,b,48.9515291762033,19
D,North,Longlines,winter,large,b,52.8854456022135,1
E,North,Longlines,winter,large,b,48.802363062524,0
F,North,Longlines,winter,large,b,62.5537848246265,0
G,North,Longlines,winter,large,b,35.5500695708228,0
H,North,Longlines,winter,large,b,50.0387918195583,0
I,North,Longlines,winter,large,b,64.9950008788361,0
J,North,Longlines,winter,large,b,78.6133750249782,0
A,South,Longlines,winter,large,b,57.349820489528,4
B,South,Longlines,winter,large,b,91.6873471502463,2
C,South,Longlines,winter,large,b,62.9442004262293,4
D,South,Longlines,winter,large,b,78.4091150571259,0
E,South,Longlines,winter,large,b,75.3570521857349,0
F,South,Longlines,winter,large,b,44.8149905534467,0
G,South,Longlines,winter,large,b,66.0381649630855,0
H,South,Longlines,winter,large,b,37.3702041423667,0
I,South,Longlines,winter,large,b,95.0357340948831,0
J,South,Longlines,winter,large,b,70.5272069678737,0
A,North,Trawlers,winter,large,b,190.939033672387,2
B,North,Trawlers,winter,large,b,112.617177839511,16
C,North,Trawlers,winter,large,b,135.616706356181,0
D,North,Trawlers,winter,large,b,172.143496534162,540
E,North,Trawlers,winter,large,b,197.548164967288,8
F,North,Trawlers,winter,large,b,223.068808470945,0
G,North,Trawlers,winter,large,b,109.654094783023,0
H,North,Trawlers,winter,large,b,155.23802130401,0
I,North,Trawlers,winter,large,b,135.008789927387,0
J,North,Trawlers,winter,large,b,107.106183057574,0
A,South,Trawlers,winter,large,b,127.169514772898,4
B,South,Trawlers,winter,large,b,105.112425071595,16
C,South,Trawlers,winter,large,b,242.71579998912,30
D,South,Trawlers,winter,large,b,94.5976316370028,1229
E,South,Trawlers,winter,large,b,73.4227197417814,2
F,South,Trawlers,winter,large,b,159.577720089115,0
G,South,Trawlers,winter,large,b,161.161308068969,0
H,South,Trawlers,winter,large,b,318.284387676477,3
I,South,Trawlers,winter,large,b,225.473179278952,0
J,South,Trawlers,winter,large,b,112.345508893756,0
A,North,Gillnets,spring,large,b,163.134041051148,107
B,North,Gillnets,spring,large,b,104.129406196317,0
C,North,Gillnets,spring,large,b,117.158606338171,0
D,North,Gillnets,spring,large,b,191.25007911069,0
E,North,Gillnets,spring,large,b,145.177023165185,5
F,North,Gillnets,spring,large,b,181.350281832977,0
G,North,Gillnets,spring,large,b,176.414946221611,0
H,North,Gillnets,spring,large,b,148.124201630447,0
I,North,Gillnets,spring,large,b,189.662139083593,0
J,North,Gillnets,spring,large,b,222.97152008245,0
A,South,Gillnets,spring,large,b,130.768745701801,2
B,South,Gillnets,spring,large,b,218.924181025725,0
C,South,Gillnets,spring,large,b,154.118926531851,0
D,South,Gillnets,spring,large,b,145.069266012753,1
E,South,Gillnets,spring,large,b,138.293277212908,0
F,South,Gillnets,spring,large,b,91.4674403170352,0
G,South,Gillnets,spring,large,b,136.444336431451,0
H,South,Gillnets,spring,large,b,161.558654199788,0
I,South,Gillnets,spring,large,b,157.582933882736,0
J,South,Gillnets,spring,large,b,211.397672976474,0
A,North,Longlines,spring,large,b,104.394832771609,16
B,North,Longlines,spring,large,b,162.97408574876,0
C,North,Longlines,spring,large,b,117.276168715865,1
D,North,Longlines,spring,large,b,131.229791607461,0
E,North,Longlines,spring,large,b,73.823415320711,0
F,North,Longlines,spring,large,b,160.864262718497,2
G,North,Longlines,spring,large,b,155.140889047584,0
H,North,Longlines,spring,large,b,193.056990016783,1
I,North,Longlines,spring,large,b,127.491036804175,0
J,North,Longlines,spring,large,b,160.078868675626,0
A,South,Longlines,spring,large,b,150.839499793944,3
B,South,Longlines,spring,large,b,159.101699201859,0
C,South,Longlines,spring,large,b,96.8084044999044,0
D,South,Longlines,spring,large,b,162.565115755251,0
E,South,Longlines,spring,large,b,150.209849424036,0
F,South,Longlines,spring,large,b,120.397743445193,0
G,South,Longlines,spring,large,b,157.037223921705,0
H,South,Longlines,spring,large,b,149.386069431312,0
I,South,Longlines,spring,large,b,142.636891986799,0
J,South,Longlines,spring,large,b,61.8864565814138,0
A,North,Trawlers,spring,large,b,322.753508701614,0
B,North,Trawlers,spring,large,b,106.731776551631,1
C,North,Trawlers,spring,large,b,462.182644440534,2
D,North,Trawlers,spring,large,b,464.596028585958,153
E,North,Trawlers,spring,large,b,385.66455938161,5
F,North,Trawlers,spring,large,b,250.462366287635,0
G,North,Trawlers,spring,large,b,319.128307174689,1
H,North,Trawlers,spring,large,b,574.639442960954,25
I,North,Trawlers,spring,large,b,426.972659053138,0
J,North,Trawlers,spring,large,b,344.387653364786,0
A,South,Trawlers,spring,large,b,302.607525095053,0
B,South,Trawlers,spring,large,b,227.992317700265,1
C,South,Trawlers,spring,large,b,313.362817060897,0
D,South,Trawlers,spring,large,b,258.55740949695,179
E,South,Trawlers,spring,large,b,491.149382449311,2
F,South,Trawlers,spring,large,b,397.834460114238,0
G,South,Trawlers,spring,large,b,433.683927896361,0
H,South,Trawlers,spring,large,b,205.98959464894,0
I,South,Trawlers,spring,large,b,477.735110444803,0
J,South,Trawlers,spring,large,b,225.516024057814,0
A,North,Gillnets,summer,large,b,113.357704079332,7
B,North,Gillnets,summer,large,b,239.379015775452,0
C,North,Gillnets,summer,large,b,173.614416378119,0
D,North,Gillnets,summer,large,b,174.110127447026,149
E,North,Gillnets,summer,large,b,81.9837278395311,15
F,North,Gillnets,summer,large,b,200.834331250949,1
G,North,Gillnets,summer,large,b,99.5625612729437,0
H,North,Gillnets,summer,large,b,122.16498776231,0
I,North,Gillnets,summer,large,b,120.955613536022,0
J,North,Gillnets,summer,large,b,205.640599711307,0
A,South,Gillnets,summer,large,b,138.338919954862,62
B,South,Gillnets,summer,large,b,190.804296930204,0
C,South,Gillnets,summer,large,b,201.770294628764,1
D,South,Gillnets,summer,large,b,113.168568133821,93
E,South,Gillnets,summer,large,b,132.890031513305,0
F,South,Gillnets,summer,large,b,178.339676104736,0
G,South,Gillnets,summer,large,b,146.838629624631,0
H,South,Gillnets,summer,large,b,140.144498622544,0
I,South,Gillnets,summer,large,b,135.654012264873,1
J,South,Gillnets,summer,large,b,101.19725165492,0
A,North,Longlines,summer,large,b,179.108756007488,2
B,North,Longlines,summer,large,b,191.085946207288,1
C,North,Longlines,summer,large,b,110.537801114709,6
D,North,Longlines,summer,large,b,150.388890434517,0
E,North,Longlines,summer,large,b,179.055010377583,0
F,North,Longlines,summer,large,b,157.965555349211,2
G,North,Longlines,summer,large,b,165.103355248514,0
H,North,Longlines,summer,large,b,195.532941993492,2
I,North,Longlines,summer,large,b,152.144199151727,0
J,North,Longlines,summer,large,b,149.169821204938,0
A,South,Longlines,summer,large,b,137.990552127659,5
B,South,Longlines,summer,large,b,121.109182918655,0
C,South,Longlines,summer,large,b,167.716913961896,12
D,South,Longlines,summer,large,b,57.8506442284986,0
E,South,Longlines,summer,large,b,148.211645052808,0
F,South,Longlines,summer,large,b,126.835938357015,0
G,South,Longlines,summer,large,b,126.350100521153,0
H,South,Longlines,summer,large,b,172.357635819179,0
I,South,Longlines,summer,large,b,166.91666622432,0
J,South,Longlines,summer,large,b,127.59321755089,0
A,North,Trawlers,summer,large,b,326.665742231949,0
B,North,Trawlers,summer,large,b,414.598262539323,0
C,North,Trawlers,summer,large,b,173.6450886669,17
D,North,Trawlers,summer,large,b,330.327286324748,42
E,North,Trawlers,summer,large,b,376.99763959405,28
F,North,Trawlers,summer,large,b,532.193155074546,0
G,North,Trawlers,summer,large,b,293.711831715223,0
H,North,Trawlers,summer,large,b,420.747954582887,8
I,North,Trawlers,summer,large,b,472.411420931775,0
J,North,Trawlers,summer,large,b,371.260619680461,0
A,South,Trawlers,summer,large,b,382.201330192276,0
B,South,Trawlers,summer,large,b,258.18061431503,2
C,South,Trawlers,summer,large,b,367.186843945164,7
D,South,Trawlers,summer,large,b,491.735945838339,17
E,South,Trawlers,summer,large,b,535.109016388093,0
F,South,Trawlers,summer,large,b,336.809465076005,0
G,South,Trawlers,summer,large,b,258.953812753865,0
H,South,Trawlers,summer,large,b,472.919481502671,0
I,South,Trawlers,summer,large,b,455.593688370935,0
J,South,Trawlers,summer,large,b,262.336753447145,0
A,North,Gillnets,fall,large,b,0,0
B,North,Gillnets,fall,large,b,0,0
C,North,Gillnets,fall,large,b,0,0
D,North,Gillnets,fall,large,b,0,0
E,North,Gillnets,fall,large,b,0,0
F,North,Gillnets,fall,large,b,0,0
G,North,Gillnets,fall,large,b,0,0
H,North,Gillnets,fall,large,b,0,0
I,North,Gillnets,fall,large,b,0,0
J,North,Gillnets,fall,large,b,0,0
A,South,Gillnets,fall,large,b,0,0
B,South,Gillnets,fall,large,b,0,0
C,South,Gillnets,fall,large,b,0,0
D,South,Gillnets,fall,large,b,0,0
E,South,Gillnets,fall,large,b,0,0
F,South,Gillnets,fall,large,b,0,0
G,South,Gillnets,fall,large,b,0,0
H,South,Gillnets,fall,large,b,0,0
I,South,Gillnets,fall,large,b,0,0
J,South,Gillnets,fall,large,b,0,0
A,North,Longlines,fall,large,b,199.320713167312,16
B,North,Longlines,fall,large,b,147.63938489926,0
C,North,Longlines,fall,large,b,192.149363343431,6
D,North,Longlines,fall,large,b,104.232387378807,0
E,North,Longlines,fall,large,b,182.58795144757,0
F,North,Longlines,fall,large,b,135.039423185324,0
G,North,Longlines,fall,large,b,151.024118800878,0
H,North,Longlines,fall,large,b,177.88246007933,0
I,North,Longlines,fall,large,b,157.454725402,0
J,North,Longlines,fall,large,b,120.838416400034,0
A,South,Longlines,fall,large,b,120.365588849241,0
B,South,Longlines,fall,large,b,109.806507947282,4
C,South,Longlines,fall,large,b,79.4914486830515,3
D,South,Longlines,fall,large,b,118.725413785616,0
E,South,Longlines,fall,large,b,127.348579890048,0
F,South,Longlines,fall,large,b,182.69763385485,0
G,South,Longlines,fall,large,b,101.580587531098,0
H,South,Longlines,fall,large,b,171.841659791061,0
I,South,Longlines,fall,large,b,214.267794302284,0
J,South,Longlines,fall,large,b,245.515670384958,0
A,North,Trawlers,fall,large,b,277.714373622671,0
B,North,Trawlers,fall,large,b,274.30036207937,0
C,North,Trawlers,fall,large,b,319.652728928224,16
D,North,Trawlers,fall,large,b,401.102357786896,1504
E,North,Trawlers,fall,large,b,504.255875069991,29
F,North,Trawlers,fall,large,b,418.041601125546,0
G,North,Trawlers,fall,large,b,445.694041878808,0
H,North,Trawlers,fall,large,b,543.157801538282,5
I,North,Trawlers,fall,large,b,412.112631849663,0
J,North,Trawlers,fall,large,b,312.005168743981,0
A,South,Trawlers,fall,large,b,393.561895609952,2
B,South,Trawlers,fall,large,b,361.152123777692,35
C,South,Trawlers,fall,large,b,265.09452655352,1
D,South,Trawlers,fall,large,b,176.189415775207,382
E,South,Trawlers,fall,large,b,259.580365031581,0
F,South,Trawlers,fall,large,b,386.661647705906,0
G,South,Trawlers,fall,large,b,352.279138778413,0
H,South,Trawlers,fall,large,b,416.76797653411,7
I,South,Trawlers,fall,large,b,409.589282780023,0
J,South,Trawlers,fall,large,b,464.644807578409,0
A,North,Gillnets,winter,small,c,82.8455535137076,302
B,North,Gillnets,winter,small,c,72.5517789504205,0
C,North,Gillnets,winter,small,c,57.52552551026,0
D,North,Gillnets,winter,small,c,96.649826719584,10
E,North,Gillnets,winter,small,c,75.6888407576105,119
F,North,Gillnets,winter,small,c,75.1341431484466,0
G,North,Gillnets,winter,small,c,76.9831765695604,0
H,North,Gillnets,winter,small,c,70.2768132342162,1
I,North,Gillnets,winter,small,c,84.703394476156,0
J,North,Gillnets,winter,small,c,62.6043720704654,0
A,South,Gillnets,winter,small,c,90.5681530991961,22
B,South,Gillnets,winter,small,c,60.932416908696,7
C,South,Gillnets,winter,small,c,60.1664617035705,0
D,South,Gillnets,winter,small,c,53.1474902821661,0
E,South,Gillnets,winter,small,c,59.0954314600829,5
F,South,Gillnets,winter,small,c,58.012829259927,0
G,South,Gillnets,winter,small,c,59.8321224231435,0
H,South,Gillnets,winter,small,c,88.4116644994422,0
I,South,Gillnets,winter,small,c,56.5627826292139,0
J,South,Gillnets,winter,small,c,84.9887089139533,0
A,North,Longlines,winter,small,c,85.7560429123464,53
B,North,Longlines,winter,small,c,63.5070748652029,2
C,North,Longlines,winter,small,c,111.231074770154,17
D,North,Longlines,winter,small,c,52.2832219321595,0
E,North,Longlines,winter,small,c,39.058782930671,0
F,North,Longlines,winter,small,c,90.5654836154423,0
G,North,Longlines,winter,small,c,109.072900476022,0
H,North,Longlines,winter,small,c,34.4856194085597,1
I,North,Longlines,winter,small,c,88.2241967993034,0
J,North,Longlines,winter,small,c,107.120059930973,0
A,South,Longlines,winter,small,c,84.3748350414109,13
B,South,Longlines,winter,small,c,75.5500260772791,3
C,South,Longlines,winter,small,c,47.4509880177664,15
D,South,Longlines,winter,small,c,60.4821160236903,0
E,South,Longlines,winter,small,c,25.3278380047204,0
F,South,Longlines,winter,small,c,82.8625147246268,0
G,South,Longlines,winter,small,c,91.1341184124573,0
H,South,Longlines,winter,small,c,80.801769983174,0
I,South,Longlines,winter,small,c,73.663535907166,0
J,South,Longlines,winter,small,c,69.7745262698358,0
A,North,Trawlers,winter,small,c,238.261363126736,0
B,North,Trawlers,winter,small,c,213.682122094107,0
C,North,Trawlers,winter,small,c,200.447762671955,5
D,North,Trawlers,winter,small,c,245.585350508279,486
E,North,Trawlers,winter,small,c,143.063027987674,78
F,North,Trawlers,winter,small,c,180.759285453272,0
G,North,Trawlers,winter,small,c,183.184932112185,0
H,North,Trawlers,winter,small,c,161.774436742133,0
I,North,Trawlers,winter,small,c,98.5778583461316,0
J,North,Trawlers,winter,small,c,208.823913759999,0
A,South,Trawlers,winter,small,c,210.356167601841,0
B,South,Trawlers,winter,small,c,126.698383840057,7
C,South,Trawlers,winter,small,c,200.715485324806,9
D,South,Trawlers,winter,small,c,190.77414801489,58
E,South,Trawlers,winter,small,c,167.092525981488,0
F,South,Trawlers,winter,small,c,219.278425272026,0
G,South,Trawlers,winter,small,c,202.228740019089,0
H,South,Trawlers,winter,small,c,294.147120538641,0
I,South,Trawlers,winter,small,c,174.960686430235,0
J,South,Trawlers,winter,small,c,117.285716404104,0
A,North,Gillnets,spring,small,c,196.184446242667,2
B,North,Gillnets,spring,small,c,85.9576289491598,0
C,North,Gillnets,spring,small,c,99.5795051790683,0
D,North,Gillnets,spring,small,c,144.04748302628,7
E,North,Gillnets,spring,small,c,184.067100343859,1
F,North,Gillnets,spring,small,c,185.022066207092,0
G,North,Gillnets,spring,small,c,170.269554486049,0
H,North,Gillnets,spring,small,c,114.632338845818,2
I,North,Gillnets,spring,small,c,163.15290632688,0
J,North,Gillnets,spring,small,c,132.258412870865,0
A,South,Gillnets,spring,small,c,121.544364460279,3
B,South,Gillnets,spring,small,c,65.1168042361042,0
C,South,Gillnets,spring,small,c,189.307538503254,1
D,South,Gillnets,spring,small,c,130.275464889007,0
E,South,Gillnets,spring,small,c,55.4904740832999,1
F,South,Gillnets,spring,small,c,173.49010621933,0
G,South,Gillnets,spring,small,c,109.839066543921,0
H,South,Gillnets,spring,small,c,84.0437795717153,0
I,South,Gillnets,spring,small,c,215.060916394379,0
J,South,Gillnets,spring,small,c,119.388598612566,0
A,North,Longlines,spring,small,c,131.362908306901,18
B,North,Longlines,spring,small,c,145.29833089537,0
C,North,Longlines,spring,small,c,165.161885789412,13
D,North,Longlines,spring,small,c,174.849918614626,0
E,North,Longlines,spring,small,c,227.978452847063,0
F,North,Longlines,spring,small,c,85.0254788079877,5
G,North,Longlines,spring,small,c,175.405050807694,0
H,North,Longlines,spring,small,c,129.115915971526,0
I,North,Longlines,spring,small,c,172.410048025247,0
J,North,Longlines,spring,small,c,142.970138449582,0
A,South,Longlines,spring,small,c,177.580852439076,1
B,South,Longlines,spring,small,c,197.565339698439,0
C,South,Longlines,spring,small,c,145.169862172649,5
D,South,Longlines,spring,small,c,122.532647129863,0
E,South,Longlines,spring,small,c,185.904828805971,0
F,South,Longlines,spring,small,c,240.211308052147,0
G,South,Longlines,spring,small,c,130.941908898181,0
H,South,Longlines,spring,small,c,139.646384606943,0
I,South,Longlines,spring,small,c,149.219801681173,0
J,South,Longlines,spring,small,c,141.934109710145,0
A,North,Trawlers,spring,small,c,493.159914266,0
B,North,Trawlers,spring,small,c,319.291298774875,1
C,North,Trawlers,spring,small,c,399.705751327578,22
D,North,Trawlers,spring,small,c,421.710274661392,106
E,North,Trawlers,spring,small,c,258.003553856035,163
F,North,Trawlers,spring,small,c,360.708302181992,0
G,North,Trawlers,spring,small,c,161.238465874957,0
H,North,Trawlers,spring,small,c,163.070655524066,2
I,North,Trawlers,spring,small,c,527.928966742253,0
J,North,Trawlers,spring,small,c,273.318068320925,0
A,South,Trawlers,spring,small,c,308.019744920156,0
B,South,Trawlers,spring,small,c,353.286010721156,0
C,South,Trawlers,spring,small,c,469.024805946971,0
D,South,Trawlers,spring,small,c,345.491085072907,19
E,South,Trawlers,spring,small,c,492.430840697499,6
F,South,Trawlers,spring,small,c,306.079219863168,0
G,South,Trawlers,spring,small,c,370.55661510477,0
H,South,Trawlers,spring,small,c,427.426316948789,1
I,South,Trawlers,spring,small,c,313.100476782026,0
J,South,Trawlers,spring,small,c,378.370816103764,0
A,North,Gillnets,summer,small,c,174.757500391687,2
B,North,Gillnets,summer,small,c,287.788312472543,0
C,North,Gillnets,summer,small,c,193.012867745384,1
D,North,Gillnets,summer,small,c,61.4198636583184,3
E,North,Gillnets,summer,small,c,99.667090835667,6
F,North,Gillnets,summer,small,c,124.10566226914,4
G,North,Gillnets,summer,small,c,142.10850230747,0
H,North,Gillnets,summer,small,c,76.8683645556474,0
I,North,Gillnets,summer,small,c,186.977406122067,0
J,North,Gillnets,summer,small,c,105.944982729773,0
A,South,Gillnets,summer,small,c,193.898247442988,7
B,South,Gillnets,summer,small,c,162.556014633135,0
C,South,Gillnets,summer,small,c,204.621405442123,0
D,South,Gillnets,summer,small,c,128.116453700307,31
E,South,Gillnets,summer,small,c,201.610258885786,2
F,South,Gillnets,summer,small,c,171.768373394915,0
G,South,Gillnets,summer,small,c,125.965779447122,0
H,South,Gillnets,summer,small,c,144.996162703654,0
I,South,Gillnets,summer,small,c,144.488472087878,1
J,South,Gillnets,summer,small,c,167.207906943445,0
A,North,Longlines,summer,small,c,106.886141756359,0
B,North,Longlines,summer,small,c,70.8162833752069,0
C,North,Longlines,summer,small,c,205.256115161482,9
D,North,Longlines,summer,small,c,118.92269887523,0
E,North,Longlines,summer,small,c,114.692569509951,0
F,North,Longlines,summer,small,c,138.480923446115,21
G,North,Longlines,summer,small,c,142.573457872155,0
H,North,Longlines,summer,small,c,210.741261236248,0
I,North,Longlines,summer,small,c,196.379156119134,0
J,North,Longlines,summer,small,c,214.179586896898,0
A,South,Longlines,summer,small,c,173.529612094117,0
B,South,Longlines,summer,small,c,154.702797006856,0
C,South,Longlines,summer,small,c,163.98999415081,12
D,South,Longlines,summer,small,c,67.2779038032097,0
E,South,Longlines,summer,small,c,139.841263078531,0
F,South,Longlines,summer,small,c,227.876957568226,5
G,South,Longlines,summer,small,c,161.436996948306,0
H,South,Longlines,summer,small,c,132.364428706724,0
I,South,Longlines,summer,small,c,165.106049702219,0
J,South,Longlines,summer,small,c,134.646433090572,0
A,North,Trawlers,summer,small,c,361.111655609881,0
B,North,Trawlers,summer,small,c,514.615594169201,1
C,North,Trawlers,summer,small,c,412.523439434381,2
D,North,Trawlers,summer,small,c,497.492983535514,162
E,North,Trawlers,summer,small,c,318.949049661533,141
F,North,Trawlers,summer,small,c,405.077609493484,0
G,North,Trawlers,summer,small,c,393.028308263097,0
H,North,Trawlers,summer,small,c,408.246499735743,10
I,North,Trawlers,summer,small,c,514.569530873506,0
J,North,Trawlers,summer,small,c,393.719059687649,0
A,South,Trawlers,summer,small,c,408.584679653203,0
B,South,Trawlers,summer,small,c,261.925967180335,0
C,South,Trawlers,summer,small,c,342.468340394244,5
D,South,Trawlers,summer,small,c,243.491077209175,3
E,South,Trawlers,summer,small,c,410.530878746224,0
F,South,Trawlers,summer,small,c,491.009823777963,0
G,South,Trawlers,summer,small,c,373.555307473414,0
H,South,Trawlers,summer,small,c,224.265508250866,0
I,South,Trawlers,summer,small,c,319.485496045564,0
J,South,Trawlers,summer,small,c,497.051934556741,0
A,North,Gillnets,fall,small,c,0,0
B,North,Gillnets,fall,small,c,0,0
C,North,Gillnets,fall,small,c,0,0
D,North,Gillnets,fall,small,c,0,0
E,North,Gillnets,fall,small,c,0,0
F,North,Gillnets,fall,small,c,0,0
G,North,Gillnets,fall,small,c,0,0
H,North,Gillnets,fall,small,c,0,0
I,North,Gillnets,fall,small,c,0,0
J,North,Gillnets,fall,small,c,0,0
A,South,Gillnets,fall,small,c,0,0
B,South,Gillnets,fall,small,c,0,0
C,South,Gillnets,fall,small,c,0,0
D,South,Gillnets,fall,small,c,0,0
E,South,Gillnets,fall,small,c,0,0
F,South,Gillnets,fall,small,c,0,0
G,South,Gillnets,fall,small,c,0,0
H,South,Gillnets,fall,small,c,0,0
I,South,Gillnets,fall,small,c,0,0
J,South,Gillnets,fall,small,c,0,0
A,North,Longlines,fall,small,c,55.4337694223881,0
B,North,Longlines,fall,small,c,114.816790031648,0
C,North,Longlines,fall,small,c,65.7199198397458,5
D,North,Longlines,fall,small,c,204.275868751105,0
E,North,Longlines,fall,small,c,214.280860496826,0
F,North,Longlines,fall,small,c,205.635996330658,1
G,North,Longlines,fall,small,c,88.3735658114335,0
H,North,Longlines,fall,small,c,195.551292800484,0
I,North,Longlines,fall,small,c,155.068367230286,0
J,North,Longlines,fall,small,c,164.912941939067,0
A,South,Longlines,fall,small,c,152.370327228915,36
B,South,Longlines,fall,small,c,161.983448261709,0
C,South,Longlines,fall,small,c,193.566123007761,2
D,South,Longlines,fall,small,c,145.878084584701,0
E,South,Longlines,fall,small,c,101.66136929286,0
F,South,Longlines,fall,small,c,177.64352738204,1
G,South,Longlines,fall,small,c,190.790274511087,0
H,South,Longlines,fall,small,c,228.925183063449,0
I,South,Longlines,fall,small,c,161.538524897668,0
J,South,Longlines,fall,small,c,161.806409727814,0
A,North,Trawlers,fall,small,c,370.690716599617,0
B,North,Trawlers,fall,small,c,450.209425819669,4
C,North,Trawlers,fall,small,c,331.94329321816,0
D,North,Trawlers,fall,small,c,390.763057846387,340
E,North,Trawlers,fall,small,c,438.831056378154,14
F,North,Trawlers,fall,small,c,331.309045003121,0
G,North,Trawlers,fall,small,c,480.768700013847,0
H,North,Trawlers,fall,small,c,361.39987157508,2
I,North,Trawlers,fall,small,c,456.133355497005,0
J,North,Trawlers,fall,small,c,220.90191530809,0
A,South,Trawlers,fall,small,c,273.680045866272,0
B,South,Trawlers,fall,small,c,386.864593467443,6
C,South,Trawlers,fall,small,c,412.630574057801,18
D,South,Trawlers,fall,small,c,262.180196357064,153
E,South,Trawlers,fall,small,c,346.282351155406,7
F,South,Trawlers,fall,small,c,149.313517561603,0
G,South,Trawlers,fall,small,c,326.952597284194,0
H,South,Trawlers,fall,small,c,181.022080382946,2
I,South,Trawlers,fall,small,c,354.520735866391,0
J,South,Trawlers,fall,small,c,363.366318740405,0
A,North,Gillnets,winter,large,c,73.1392898474635,121
B,North,Gillnets,winter,large,c,79.9080935620169,1
C,North,Gillnets,winter,large,c,70.0554364888506,0
D,North,Gillnets,winter,large,c,80.2379890737168,10
E,North,Gillnets,winter,large,c,104.606567922039,18
F,North,Gillnets,winter,large,c,67.1629257802099,0
G,North,Gillnets,winter,large,c,72.8326917660628,0
H,North,Gillnets,winter,large,c,92.6055387222941,0
I,North,Gillnets,winter,large,c,68.7882974016125,0
J,North,Gillnets,winter,large,c,59.9525309364786,0
A,South,Gillnets,winter,large,c,51.6456116096807,593
B,South,Gillnets,winter,large,c,48.8086524663662,17
C,South,Gillnets,winter,large,c,109.800686192221,2
D,South,Gillnets,winter,large,c,65.1574435934295,3
E,South,Gillnets,winter,large,c,98.3312664825256,0
F,South,Gillnets,winter,large,c,75.4305762773978,0
G,South,Gillnets,winter,large,c,53.8065519925487,0
H,South,Gillnets,winter,large,c,73.3572845739432,0
I,South,Gillnets,winter,large,c,61.6005210127327,0
J,South,Gillnets,winter,large,c,76.5966348316043,0
A,North,Longlines,winter,large,c,70.957098002716,288
B,North,Longlines,winter,large,c,58.665485520069,0
C,North,Longlines,winter,large,c,100.225539766192,96
D,North,Longlines,winter,large,c,88.3976712889637,0
E,North,Longlines,winter,large,c,81.0336049980979,0
F,North,Longlines,winter,large,c,93.0955072508397,0
G,North,Longlines,winter,large,c,65.2880961467419,0
H,North,Longlines,winter,large,c,102.94524021541,1
I,North,Longlines,winter,large,c,67.2975711324153,0
J,North,Longlines,winter,large,c,96.6769071176925,0
A,South,Longlines,winter,large,c,43.0591869766185,272
B,South,Longlines,winter,large,c,79.7678164140292,31
C,South,Longlines,winter,large,c,42.9366824182408,20
D,South,Longlines,winter,large,c,103.411622900574,0
E,South,Longlines,winter,large,c,101.541661598504,0
F,South,Longlines,winter,large,c,91.0658336274249,0
G,South,Longlines,winter,large,c,65.4899227692809,0
H,South,Longlines,winter,large,c,69.0492266189232,0
I,South,Longlines,winter,large,c,44.8937986690599,0
J,South,Longlines,winter,large,c,72.101224926581,0
A,North,Trawlers,winter,large,c,266.354306393427,0
B,North,Trawlers,winter,large,c,197.383777882918,4
C,North,Trawlers,winter,large,c,262.78586069288,7
D,North,Trawlers,winter,large,c,261.200532606502,439
E,North,Trawlers,winter,large,c,186.202559202566,14
F,North,Trawlers,winter,large,c,141.58841137303,0
G,North,Trawlers,winter,large,c,128.188788693541,0
H,North,Trawlers,winter,large,c,118.701644129826,2
I,North,Trawlers,winter,large,c,214.312505120112,0
J,North,Trawlers,winter,large,c,218.246522937426,0
A,South,Trawlers,winter,large,c,187.079684035105,1
B,South,Trawlers,winter,large,c,250.09434997552,45
C,South,Trawlers,winter,large,c,184.958174603801,14
D,South,Trawlers,winter,large,c,222.475029889732,71
E,South,Trawlers,winter,large,c,250.052000486725,0
F,South,Trawlers,winter,large,c,217.510570947049,0
G,South,Trawlers,winter,large,c,135.905026938325,0
H,South,Trawlers,winter,large,c,112.265214007388,1
I,South,Trawlers,winter,large,c,160.328839836081,0
J,South,Trawlers,winter,large,c,250.110201778687,0
A,North,Gillnets,spring,large,c,154.026766768382,2
B,North,Gillnets,spring,large,c,93.2009969590974,2
C,North,Gillnets,spring,large,c,164.045398406245,0
D,North,Gillnets,spring,large,c,183.86536661685,10
E,North,Gillnets,spring,large,c,156.000594519874,7
F,North,Gillnets,spring,large,c,125.23753981888,0
G,North,Gillnets,spring,large,c,106.352676155619,0
H,North,Gillnets,spring,large,c,229.891914013961,17
I,North,Gillnets,spring,large,c,213.097046595691,0
J,North,Gillnets,spring,large,c,178.812328680799,0
A,South,Gillnets,spring,large,c,90.9776949376486,3
B,South,Gillnets,spring,large,c,221.815273927967,2
C,South,Gillnets,spring,large,c,150.995307349051,0
D,South,Gillnets,spring,large,c,183.846731355739,0
E,South,Gillnets,spring,large,c,164.001254976251,0
F,South,Gillnets,spring,large,c,198.538611872717,0
G,South,Gillnets,spring,large,c,171.025498075143,0
H,South,Gillnets,spring,large,c,107.489371647105,4
I,South,Gillnets,spring,large,c,116.850930836542,0
J,South,Gillnets,spring,large,c,140.510932161402,0
A,North,Longlines,spring,large,c,169.134676278266,33
B,North,Longlines,spring,large,c,174.524338363066,1
C,North,Longlines,spring,large,c,185.051014313036,1
D,North,Longlines,spring,large,c,142.833595846811,0
E,North,Longlines,spring,large,c,107.765971768856,0
F,North,Longlines,spring,large,c,78.3680564870505,0
G,North,Longlines,spring,large,c,181.971098154088,0
H,North,Longlines,spring,large,c,158.697495208835,1
I,North,Longlines,spring,large,c,74.2630396485187,0
J,North,Longlines,spring,large,c,142.693082495906,0
A,South,Longlines,spring,large,c,189.019385292828,0
B,South,Longlines,spring,large,c,115.534739396053,0
C,South,Longlines,spring,large,c,132.883559280975,20
D,South,Longlines,spring,large,c,132.376826292,0
E,South,Longlines,spring,large,c,113.565739002681,0
F,South,Longlines,spring,large,c,136.47029124295,0
G,South,Longlines,spring,large,c,98.5473972115346,0
H,South,Longlines,spring,large,c,176.274283561105,1
I,South,Longlines,spring,large,c,111.655304723939,0
J,South,Longlines,spring,large,c,167.561485207573,0
A,North,Trawlers,spring,large,c,375.235717155061,0
B,North,Trawlers,spring,large,c,293.405689769159,0
C,North,Trawlers,spring,large,c,484.30711456266,0
D,North,Trawlers,spring,large,c,566.82296842458,1997
E,North,Trawlers,spring,large,c,457.551143300939,834
F,North,Trawlers,spring,large,c,281.333851953662,0
G,North,Trawlers,spring,large,c,323.791149628598,0
H,North,Trawlers,spring,large,c,410.227052271057,2
I,North,Trawlers,spring,large,c,369.839727740977,0
J,North,Trawlers,spring,large,c,456.886307676176,0
A,South,Trawlers,spring,large,c,354.803449207457,0
B,South,Trawlers,spring,large,c,344.565563414641,0
C,South,Trawlers,spring,large,c,347.992965855494,0
D,South,Trawlers,spring,large,c,110.025907894652,0
E,South,Trawlers,spring,large,c,281.853027476997,16
F,South,Trawlers,spring,large,c,415.306884462407,0
G,South,Trawlers,spring,large,c,682.744767246036,0
H,South,Trawlers,spring,large,c,423.098491235982,4
I,South,Trawlers,spring,large,c,286.132391486227,0
J,South,Trawlers,spring,large,c,366.661789734998,0
A,North,Gillnets,summer,large,c,131.663006687823,13
B,North,Gillnets,summer,large,c,122.041014998592,0
C,North,Gillnets,summer,large,c,180.74227452605,0
D,North,Gillnets,summer,large,c,196.594704661878,90
E,North,Gillnets,summer,large,c,138.449655703498,21
F,North,Gillnets,summer,large,c,121.539138700272,0
G,North,Gillnets,summer,large,c,140.962160332337,0
H,North,Gillnets,summer,large,c,214.989333740294,3
I,North,Gillnets,summer,large,c,182.242768032883,0
J,North,Gillnets,summer,large,c,170.781601705421,0
A,South,Gillnets,summer,large,c,98.0916755363317,4
B,South,Gillnets,summer,large,c,137.902854747274,0
C,South,Gillnets,summer,large,c,145.879962495977,0
D,South,Gillnets,summer,large,c,134.193370496324,130
E,South,Gillnets,summer,large,c,174.93516557463,1
F,South,Gillnets,summer,large,c,232.032326465381,0
G,South,Gillnets,summer,large,c,116.924213783554,0
H,South,Gillnets,summer,large,c,137.776571853384,0
I,South,Gillnets,summer,large,c,163.079934719307,0
J,South,Gillnets,summer,large,c,205.5870650343,0
A,North,Longlines,summer,large,c,172.537732594771,7
B,North,Longlines,summer,large,c,96.6629274525386,1
C,North,Longlines,summer,large,c,156.811333564212,9
D,North,Longlines,summer,large,c,169.86528347491,0
E,North,Longlines,summer,large,c,181.646499561757,0
F,North,Longlines,summer,large,c,180.52814029145,0
G,North,Longlines,summer,large,c,168.30858022409,0
H,North,Longlines,summer,large,c,193.724394097814,0
I,North,Longlines,summer,large,c,128.261671274591,0
J,North,Longlines,summer,large,c,106.583336258183,0
A,South,Longlines,summer,large,c,84.0403437157454,0
B,South,Longlines,summer,large,c,122.054280833869,0
C,South,Longlines,summer,large,c,190.230662056737,1
D,South,Longlines,summer,large,c,188.122847718661,0
E,South,Longlines,summer,large,c,194.139110973804,0
F,South,Longlines,summer,large,c,115.599399831119,0
G,South,Longlines,summer,large,c,100.533105914496,0
H,South,Longlines,summer,large,c,158.675996319028,0
I,South,Longlines,summer,large,c,121.070232827147,0
J,South,Longlines,summer,large,c,152.350579965094,0
A,North,Trawlers,summer,large,c,512.372405293577,1
B,North,Trawlers,summer,large,c,489.255125015481,1
C,North,Trawlers,summer,large,c,493.312963227655,41
D,North,Trawlers,summer,large,c,362.151196003338,448
E,North,Trawlers,summer,large,c,300.009328065849,138
F,North,Trawlers,summer,large,c,284.444937090945,0
G,North,Trawlers,summer,large,c,461.745828256492,0
H,North,Trawlers,summer,large,c,306.285102288004,17
I,North,Trawlers,summer,large,c,459.992982009938,0
J,North,Trawlers,summer,large,c,223.678021241893,0
A,South,Trawlers,summer,large,c,475.139990438053,0
B,South,Trawlers,summer,large,c,351.680818081955,3
C,South,Trawlers,summer,large,c,490.775455197791,8
D,South,Trawlers,summer,large,c,441.338816437585,3796
E,South,Trawlers,summer,large,c,484.005799533405,1
F,South,Trawlers,summer,large,c,235.90735193148,0
G,South,Trawlers,summer,large,c,444.502131773701,0
H,South,Trawlers,summer,large,c,232.232961457665,0
I,South,Trawlers,summer,large,c,347.928495347401,0
J,South,Trawlers,summer,large,c,398.724556397621,0
A,North,Gillnets,fall,large,c,0,0
B,North,Gillnets,fall,large,c,0,0
C,North,Gillnets,fall,large,c,0,0
D,North,Gillnets,fall,large,c,0,0
E,North,Gillnets,fall,large,c,0,0
F,North,Gillnets,fall,large,c,0,0
G,North,Gillnets,fall,large,c,0,0
H,North,Gillnets,fall,large,c,0,0
I,North,Gillnets,fall,large,c,0,0
J,North,Gillnets,fall,large,c,0,0
A,South,Gillnets,fall,large,c,0,0
B,South,Gillnets,fall,large,c,0,0
C,South,Gillnets,fall,large,c,0,0
D,South,Gillnets,fall,large,c,0,0
E,South,Gillnets,fall,large,c,0,0
F,South,Gillnets,fall,large,c,0,0
G,South,Gillnets,fall,large,c,0,0
H,South,Gillnets,fall,large,c,0,0
I,South,Gillnets,fall,large,c,0,0
J,South,Gillnets,fall,large,c,0,0
A,North,Longlines,fall,large,c,106.297232990621,0
B,North,Longlines,fall,large,c,110.281794147586,0
C,North,Longlines,fall,large,c,147.997814830058,0
D,North,Longlines,fall,large,c,133.986743557951,0
E,North,Longlines,fall,large,c,178.501108694427,0
F,North,Longlines,fall,large,c,139.468338362685,0
G,North,Longlines,fall,large,c,219.173413497571,0
H,North,Longlines,fall,large,c,107.849335740864,0
I,North,Longlines,fall,large,c,176.418125943214,0
J,North,Longlines,fall,large,c,157.539859899217,0
A,South,Longlines,fall,large,c,149.56383842116,0
B,South,Longlines,fall,large,c,125.368317707943,1
C,South,Longlines,fall,large,c,193.310514107542,55
D,South,Longlines,fall,large,c,108.306700405671,0
E,South,Longlines,fall,large,c,76.1213566201591,0
F,South,Longlines,fall,large,c,118.494940789476,0
G,South,Longlines,fall,large,c,182.86071542096,0
H,South,Longlines,fall,large,c,101.448548534999,0
I,South,Longlines,fall,large,c,125.503326773491,0
J,South,Longlines,fall,large,c,111.569630757097,0
A,North,Trawlers,fall,large,c,296.36226738421,1
B,North,Trawlers,fall,large,c,369.17376962428,1
C,North,Trawlers,fall,large,c,322.461334511084,0
D,North,Trawlers,fall,large,c,319.967562530946,1981
E,North,Trawlers,fall,large,c,413.565792666986,30
F,North,Trawlers,fall,large,c,434.245376855393,0
G,North,Trawlers,fall,large,c,273.026054788641,0
H,North,Trawlers,fall,large,c,414.859252168542,28
I,North,Trawlers,fall,large,c,261.17811568487,0
J,North,Trawlers,fall,large,c,277.127508346075,0
A,South,Trawlers,fall,large,c,256.051468987585,0
B,South,Trawlers,fall,large,c,450.709257248045,25
C,South,Trawlers,fall,large,c,429.540733939362,5
D,South,Trawlers,fall,large,c,385.705989340163,642
E,South,Trawlers,fall,large,c,483.659249045566,0
F,South,Trawlers,fall,large,c,305.474488208045,0
G,South,Trawlers,fall,large,c,564.064102522575,0
H,South,Trawlers,fall,large,c,383.206375639615,0
I,South,Trawlers,fall,large,c,340.849612959256,0
J,South,Trawlers,fall,large,c,385.296529740724,0
A,North,Gillnets,winter,small,d,70.5339723491303,76
B,North,Gillnets,winter,small,d,85.9028342912837,6
C,North,Gillnets,winter,small,d,80.8660623557873,0
D,North,Gillnets,winter,small,d,59.8958635535142,1
E,North,Gillnets,winter,small,d,56.1919802291932,6
F,North,Gillnets,winter,small,d,72.8593991679736,0
G,North,Gillnets,winter,small,d,42.8041445658899,0
H,North,Gillnets,winter,small,d,89.4999846761178,9
I,North,Gillnets,winter,small,d,61.319848149232,0
J,North,Gillnets,winter,small,d,121.49805685468,0
A,South,Gillnets,winter,small,d,79.4110388674584,39
B,South,Gillnets,winter,small,d,54.3011577822106,0
C,South,Gillnets,winter,small,d,85.6987695481801,0
D,South,Gillnets,winter,small,d,98.6793382337373,4
E,South,Gillnets,winter,small,d,62.3106672348477,4
F,South,Gillnets,winter,small,d,65.4300284536286,1
G,South,Gillnets,winter,small,d,52.7831311011444,0
H,South,Gillnets,winter,small,d,85.3298159243897,0
I,South,Gillnets,winter,small,d,56.2840357682615,0
J,South,Gillnets,winter,small,d,90.0314251785698,0
A,North,Longlines,winter,small,d,0,0
B,North,Longlines,winter,small,d,0,0
C,North,Longlines,winter,small,d,0,0
D,North,Longlines,winter,small,d,0,0
E,North,Longlines,winter,small,d,0,0
F,North,Longlines,winter,small,d,0,0
G,North,Longlines,winter,small,d,0,0
H,North,Longlines,winter,small,d,0,0
I,North,Longlines,winter,small,d,0,0
J,North,Longlines,winter,small,d,0,0
A,South,Longlines,winter,small,d,0,0
B,South,Longlines,winter,small,d,0,0
C,South,Longlines,winter,small,d,0,0
D,South,Longlines,winter,small,d,0,0
E,South,Longlines,winter,small,d,0,0
F,South,Longlines,winter,small,d,0,0
G,South,Longlines,winter,small,d,0,0
H,South,Longlines,winter,small,d,0,0
I,South,Longlines,winter,small,d,0,0
J,South,Longlines,winter,small,d,0,0
A,North,Trawlers,winter,small,d,214.446724077776,0
B,North,Trawlers,winter,small,d,205.849946704715,0
C,North,Trawlers,winter,small,d,179.579642953243,2
D,North,Trawlers,winter,small,d,269.936960575334,2410
E,North,Trawlers,winter,small,d,227.610133659839,23
F,North,Trawlers,winter,small,d,161.395769712867,0
G,North,Trawlers,winter,small,d,232.790191479797,2
H,North,Trawlers,winter,small,d,82.6538199303029,2
I,North,Trawlers,winter,small,d,274.246294901101,0
J,North,Trawlers,winter,small,d,159.369094953063,0
A,South,Trawlers,winter,small,d,236.569885803575,0
B,South,Trawlers,winter,small,d,216.549563553906,3
C,South,Trawlers,winter,small,d,170.452069174984,0
D,South,Trawlers,winter,small,d,149.730002716951,58
E,South,Trawlers,winter,small,d,179.067228092102,2
F,South,Trawlers,winter,small,d,97.1653902541273,0
G,South,Trawlers,winter,small,d,195.879840895522,11
H,South,Trawlers,winter,small,d,241.500571160975,0
I,South,Trawlers,winter,small,d,220.621724880251,0
J,South,Trawlers,winter,small,d,137.975168157657,0
A,North,Gillnets,spring,small,d,142.799173180347,0
B,North,Gillnets,spring,small,d,155.304602384242,0
C,North,Gillnets,spring,small,d,103.445263617032,0
D,North,Gillnets,spring,small,d,126.489371771801,30
E,North,Gillnets,spring,small,d,196.156115973445,13
F,North,Gillnets,spring,small,d,162.230533726251,3
G,North,Gillnets,spring,small,d,187.25844331564,0
H,North,Gillnets,spring,small,d,103.648393934503,1
I,North,Gillnets,spring,small,d,75.6728975755796,0
J,North,Gillnets,spring,small,d,70.1079199756525,0
A,South,Gillnets,spring,small,d,37.6793704946846,0
B,South,Gillnets,spring,small,d,135.056960554897,0
C,South,Gillnets,spring,small,d,115.945805283717,0
D,South,Gillnets,spring,small,d,208.446452312855,8
E,South,Gillnets,spring,small,d,127.690637234768,1
F,South,Gillnets,spring,small,d,159.664438096303,1
G,South,Gillnets,spring,small,d,201.200246367359,0
H,South,Gillnets,spring,small,d,120.68627489233,0
I,South,Gillnets,spring,small,d,76.2937161289774,0
J,South,Gillnets,spring,small,d,202.438438571415,0
A,North,Longlines,spring,small,d,0,0
B,North,Longlines,spring,small,d,0,0
C,North,Longlines,spring,small,d,0,0
D,North,Longlines,spring,small,d,0,0
E,North,Longlines,spring,small,d,0,0
F,North,Longlines,spring,small,d,0,0
G,North,Longlines,spring,small,d,0,0
H,North,Longlines,spring,small,d,0,0
I,North,Longlines,spring,small,d,0,0
J,North,Longlines,spring,small,d,0,0
A,South,Longlines,spring,small,d,0,0
B,South,Longlines,spring,small,d,0,0
C,South,Longlines,spring,small,d,0,0
D,South,Longlines,spring,small,d,0,0
E,South,Longlines,spring,small,d,0,0
F,South,Longlines,spring,small,d,0,0
G,South,Longlines,spring,small,d,0,0
H,South,Longlines,spring,small,d,0,0
I,South,Longlines,spring,small,d,0,0
J,South,Longlines,spring,small,d,0,0
A,North,Trawlers,spring,small,d,503.007024468872,0
B,North,Trawlers,spring,small,d,458.522327077208,0
C,North,Trawlers,spring,small,d,435.925699974453,3
D,North,Trawlers,spring,small,d,271.433221073128,1039
E,North,Trawlers,spring,small,d,558.035011224298,209
F,North,Trawlers,spring,small,d,336.233423126294,0
G,North,Trawlers,spring,small,d,592.603486053355,3
H,North,Trawlers,spring,small,d,131.395232942129,1
I,North,Trawlers,spring,small,d,370.644560573906,0
J,North,Trawlers,spring,small,d,489.491733322793,0
A,South,Trawlers,spring,small,d,294.90445555381,0
B,South,Trawlers,spring,small,d,199.823214263991,0
C,South,Trawlers,spring,small,d,461.872690443155,1
D,South,Trawlers,spring,small,d,503.305077798049,858
E,South,Trawlers,spring,small,d,506.384393139368,0
F,South,Trawlers,spring,small,d,359.797887577098,0
G,South,Trawlers,spring,small,d,358.787749709639,0
H,South,Trawlers,spring,small,d,296.62000953653,2
I,South,Trawlers,spring,small,d,398.570267646478,0
J,South,Trawlers,spring,small,d,368.397156765106,0
A,North,Gillnets,summer,small,d,100.86215617454,3
B,North,Gillnets,summer,small,d,175.341483112682,0
C,North,Gillnets,summer,small,d,164.558006389711,1
D,North,Gillnets,summer,small,d,108.995056048235,56
E,North,Gillnets,summer,small,d,117.245104752849,4
F,North,Gillnets,summer,small,d,204.50255985814,62
G,North,Gillnets,summer,small,d,194.284436436852,0
H,North,Gillnets,summer,small,d,176.677373686603,0
I,North,Gillnets,summer,small,d,121.499823626536,0
J,North,Gillnets,summer,small,d,120.614328794581,0
A,South,Gillnets,summer,small,d,104.017443197294,2
B,South,Gillnets,summer,small,d,244.367992251877,0
C,South,Gillnets,summer,small,d,179.811935160521,0
D,South,Gillnets,summer,small,d,196.46824432209,19
E,South,Gillnets,summer,small,d,184.959546983855,0
F,South,Gillnets,summer,small,d,151.999293010064,0
G,South,Gillnets,summer,small,d,218.361708381582,0
H,South,Gillnets,summer,small,d,149.881271264051,0
I,South,Gillnets,summer,small,d,139.701118330677,0
J,South,Gillnets,summer,small,d,221.422419258666,0
A,North,Longlines,summer,small,d,0,0
B,North,Longlines,summer,small,d,0,0
C,North,Longlines,summer,small,d,0,0
D,North,Longlines,summer,small,d,0,0
E,North,Longlines,summer,small,d,0,0
F,North,Longlines,summer,small,d,0,0
G,North,Longlines,summer,small,d,0,0
H,North,Longlines,summer,small,d,0,0
I,North,Longlines,summer,small,d,0,0
J,North,Longlines,summer,small,d,0,0
A,South,Longlines,summer,small,d,0,0
B,South,Longlines,summer,small,d,0,0
C,South,Longlines,summer,small,d,0,0
D,South,Longlines,summer,small,d,0,0
E,South,Longlines,summer,small,d,0,0
F,South,Longlines,summer,small,d,0,0
G,South,Longlines,summer,small,d,0,0
H,South,Longlines,summer,small,d,0,0
I,South,Longlines,summer,small,d,0,0
J,South,Longlines,summer,small,d,0,0
A,North,Trawlers,summer,small,d,438.706430058866,0
B,North,Trawlers,summer,small,d,497.367416586512,1
C,North,Trawlers,summer,small,d,321.569653286277,0
D,North,Trawlers,summer,small,d,298.062598158286,1156
E,North,Trawlers,summer,small,d,362.017418123504,89
F,North,Trawlers,summer,small,d,474.743027192462,0
G,North,Trawlers,summer,small,d,440.895408199331,15
H,North,Trawlers,summer,small,d,407.619056234437,4
I,North,Trawlers,summer,small,d,508.960882991686,0
J,North,Trawlers,summer,small,d,525.186991203259,0
A,South,Trawlers,summer,small,d,508.351695912159,0
B,South,Trawlers,summer,small,d,492.550717584467,0
C,South,Trawlers,summer,small,d,300.879140199636,30
D,South,Trawlers,summer,small,d,524.203151633318,215
E,South,Trawlers,summer,small,d,431.997400227147,2
F,South,Trawlers,summer,small,d,404.135984467829,0
G,South,Trawlers,summer,small,d,387.218288355152,45
H,South,Trawlers,summer,small,d,315.784945444718,3
I,South,Trawlers,summer,small,d,330.008041320304,0
J,South,Trawlers,summer,small,d,424.857457787905,0
A,North,Gillnets,fall,small,d,0,0
B,North,Gillnets,fall,small,d,0,0
C,North,Gillnets,fall,small,d,0,0
D,North,Gillnets,fall,small,d,0,0
E,North,Gillnets,fall,small,d,0,0
F,North,Gillnets,fall,small,d,0,0
G,North,Gillnets,fall,small,d,0,0
H,North,Gillnets,fall,small,d,0,0
I,North,Gillnets,fall,small,d,0,0
J,North,Gillnets,fall,small,d,0,0
A,South,Gillnets,fall,small,d,0,0
B,South,Gillnets,fall,small,d,0,0
C,South,Gillnets,fall,small,d,0,0
D,South,Gillnets,fall,small,d,0,0
E,South,Gillnets,fall,small,d,0,0
F,South,Gillnets,fall,small,d,0,0
G,South,Gillnets,fall,small,d,0,0
H,South,Gillnets,fall,small,d,0,0
I,South,Gillnets,fall,small,d,0,0
J,South,Gillnets,fall,small,d,0,0
A,North,Longlines,fall,small,d,0,0
B,North,Longlines,fall,small,d,0,0
C,North,Longlines,fall,small,d,0,0
D,North,Longlines,fall,small,d,0,0
E,North,Longlines,fall,small,d,0,0
F,North,Longlines,fall,small,d,0,0
G,North,Longlines,fall,small,d,0,0
H,North,Longlines,fall,small,d,0,0
I,North,Longlines,fall,small,d,0,0
J,North,Longlines,fall,small,d,0,0
A,South,Longlines,fall,small,d,0,0
B,South,Longlines,fall,small,d,0,0
C,South,Longlines,fall,small,d,0,0
D,South,Longlines,fall,small,d,0,0
E,South,Longlines,fall,small,d,0,0
F,South,Longlines,fall,small,d,0,0
G,South,Longlines,fall,small,d,0,0
H,South,Longlines,fall,small,d,0,0
I,South,Longlines,fall,small,d,0,0
J,South,Longlines,fall,small,d,0,0
A,North,Trawlers,fall,small,d,457.380190912896,0
B,North,Trawlers,fall,small,d,381.492004584996,3
C,North,Trawlers,fall,small,d,288.259612041526,0
D,North,Trawlers,fall,small,d,571.045792020322,92
E,North,Trawlers,fall,small,d,424.25877041027,0
F,North,Trawlers,fall,small,d,414.988501854199,0
G,North,Trawlers,fall,small,d,353.050505387426,23
H,North,Trawlers,fall,small,d,313.195765969139,0
I,North,Trawlers,fall,small,d,448.590167699687,0
J,North,Trawlers,fall,small,d,592.349625703804,0
A,South,Trawlers,fall,small,d,308.534277507308,0
B,South,Trawlers,fall,small,d,278.90150918289,0
C,South,Trawlers,fall,small,d,474.216259509328,3
D,South,Trawlers,fall,small,d,328.033540130725,16
E,South,Trawlers,fall,small,d,421.010787404383,7
F,South,Trawlers,fall,small,d,210.036329120534,0
G,South,Trawlers,fall,small,d,437.729861605327,0
H,South,Trawlers,fall,small,d,361.8340049586,0
I,South,Trawlers,fall,small,d,572.737105917321,0
J,South,Trawlers,fall,small,d,250.838218330551,0
A,North,Gillnets,winter,large,d,95.7774256306955,325
B,North,Gillnets,winter,large,d,101.664169454892,74
C,North,Gillnets,winter,large,d,91.4120074798946,2
D,North,Gillnets,winter,large,d,103.295370064509,28
E,North,Gillnets,winter,large,d,65.1784536064061,0
F,North,Gillnets,winter,large,d,55.1440358390842,0
G,North,Gillnets,winter,large,d,81.4622258640756,0
H,North,Gillnets,winter,large,d,84.4963266341128,0
I,North,Gillnets,winter,large,d,91.942064838552,0
J,North,Gillnets,winter,large,d,56.6462637707357,0
A,South,Gillnets,winter,large,d,77.7651131362001,23
B,South,Gillnets,winter,large,d,88.6450313204457,54
C,South,Gillnets,winter,large,d,82.5992955618745,0
D,South,Gillnets,winter,large,d,70.4037551671933,1
E,South,Gillnets,winter,large,d,55.2923552745609,1
F,South,Gillnets,winter,large,d,71.6877357016761,0
G,South,Gillnets,winter,large,d,75.4061985463151,0
H,South,Gillnets,winter,large,d,58.1018246001911,0
I,South,Gillnets,winter,large,d,71.6431560513365,0
J,South,Gillnets,winter,large,d,93.9716719683975,0
A,North,Longlines,winter,large,d,0,0
B,North,Longlines,winter,large,d,0,0
C,North,Longlines,winter,large,d,0,0
D,North,Longlines,winter,large,d,0,0
E,North,Longlines,winter,large,d,0,0
F,North,Longlines,winter,large,d,0,0
G,North,Longlines,winter,large,d,0,0
H,North,Longlines,winter,large,d,0,0
I,North,Longlines,winter,large,d,0,0
J,North,Longlines,winter,large,d,0,0
A,South,Longlines,winter,large,d,0,0
B,South,Longlines,winter,large,d,0,0
C,South,Longlines,winter,large,d,0,0
D,South,Longlines,winter,large,d,0,0
E,South,Longlines,winter,large,d,0,0
F,South,Longlines,winter,large,d,0,0
G,South,Longlines,winter,large,d,0,0
H,South,Longlines,winter,large,d,0,0
I,South,Longlines,winter,large,d,0,0
J,South,Longlines,winter,large,d,0,0
A,North,Trawlers,winter,large,d,114.890411657049,1
B,North,Trawlers,winter,large,d,199.698792304006,5
C,North,Trawlers,winter,large,d,106.804787610427,6
D,North,Trawlers,winter,large,d,89.2905796571302,168
E,North,Trawlers,winter,large,d,193.401712398196,0
F,North,Trawlers,winter,large,d,156.956589109009,0
G,North,Trawlers,winter,large,d,175.785010289215,2
H,North,Trawlers,winter,large,d,171.870698660801,2
I,North,Trawlers,winter,large,d,174.505926080418,0
J,North,Trawlers,winter,large,d,249.38920335922,0
A,South,Trawlers,winter,large,d,134.16775004623,0
B,South,Trawlers,winter,large,d,99.5323056349309,2
C,South,Trawlers,winter,large,d,182.139769523837,14
D,South,Trawlers,winter,large,d,166.885384740683,427
E,South,Trawlers,winter,large,d,198.907053991539,3
F,South,Trawlers,winter,large,d,174.557860331586,0
G,South,Trawlers,winter,large,d,115.027805568798,0
H,South,Trawlers,winter,large,d,181.854924191912,0
I,South,Trawlers,winter,large,d,186.848082867215,0
J,South,Trawlers,winter,large,d,217.816033765347,0
A,North,Gillnets,spring,large,d,154.907925648438,490
B,North,Gillnets,spring,large,d,129.467235112444,0
C,North,Gillnets,spring,large,d,100.900075706049,0
D,North,Gillnets,spring,large,d,149.537274838782,35
E,North,Gillnets,spring,large,d,70.1459388514089,36
F,North,Gillnets,spring,large,d,173.294284983094,0
G,North,Gillnets,spring,large,d,123.416519467163,0
H,North,Gillnets,spring,large,d,84.8651752183701,7
I,North,Gillnets,spring,large,d,161.111796302947,0
J,North,Gillnets,spring,large,d,154.48363820438,0
A,South,Gillnets,spring,large,d,152.854495723729,15
B,South,Gillnets,spring,large,d,141.303654640611,0
C,South,Gillnets,spring,large,d,150.093617420184,0
D,South,Gillnets,spring,large,d,144.743844614215,64
E,South,Gillnets,spring,large,d,102.111331910237,0
F,South,Gillnets,spring,large,d,116.098359848736,0
G,South,Gillnets,spring,large,d,42.9775022130647,0
H,South,Gillnets,spring,large,d,120.970211952792,0
I,South,Gillnets,spring,large,d,157.544102001221,0
J,South,Gillnets,spring,large,d,143.570759625662,0
A,North,Longlines,spring,large,d,0,0
B,North,Longlines,spring,large,d,0,0
C,North,Longlines,spring,large,d,0,0
D,North,Longlines,spring,large,d,0,0
E,North,Longlines,spring,large,d,0,0
F,North,Longlines,spring,large,d,0,0
G,North,Longlines,spring,large,d,0,0
H,North,Longlines,spring,large,d,0,0
I,North,Longlines,spring,large,d,0,0
J,North,Longlines,spring,large,d,0,0
A,South,Longlines,spring,large,d,0,0
B,South,Longlines,spring,large,d,0,0
C,South,Longlines,spring,large,d,0,0
D,South,Longlines,spring,large,d,0,0
E,South,Longlines,spring,large,d,0,0
F,South,Longlines,spring,large,d,0,0
G,South,Longlines,spring,large,d,0,0
H,South,Longlines,spring,large,d,0,0
I,South,Longlines,spring,large,d,0,0
J,South,Longlines,spring,large,d,0,0
A,North,Trawlers,spring,large,d,325.063850651876,0
B,North,Trawlers,spring,large,d,416.701934100645,2
C,North,Trawlers,spring,large,d,481.314761358147,5
D,North,Trawlers,spring,large,d,475.731734665049,1088
E,North,Trawlers,spring,large,d,259.985659808474,78
F,North,Trawlers,spring,large,d,413.195114189517,0
G,North,Trawlers,spring,large,d,183.013042478806,5
H,North,Trawlers,spring,large,d,547.635284672426,1
I,North,Trawlers,spring,large,d,328.934801555129,0
J,North,Trawlers,spring,large,d,488.721241352981,0
A,South,Trawlers,spring,large,d,309.525100252284,0
B,South,Trawlers,spring,large,d,513.599767634693,0
C,South,Trawlers,spring,large,d,355.970415102564,0
D,South,Trawlers,spring,large,d,216.308213978741,167
E,South,Trawlers,spring,large,d,272.063082934807,0
F,South,Trawlers,spring,large,d,361.40696796314,0
G,South,Trawlers,spring,large,d,375.676076656495,0
H,South,Trawlers,spring,large,d,228.086111165263,1
I,South,Trawlers,spring,large,d,598.970742765306,0
J,South,Trawlers,spring,large,d,268.754380554905,0
A,North,Gillnets,summer,large,d,149.940511860823,11
B,North,Gillnets,summer,large,d,152.158864115616,1
C,North,Gillnets,summer,large,d,143.941041778109,0
D,North,Gillnets,summer,large,d,133.564989953509,2
E,North,Gillnets,summer,large,d,116.736296690213,1
F,North,Gillnets,summer,large,d,97.3291592645838,0
G,North,Gillnets,summer,large,d,43.6051357665885,0
H,North,Gillnets,summer,large,d,123.226398137971,2
I,North,Gillnets,summer,large,d,201.44732587461,0
J,North,Gillnets,summer,large,d,110.623470936688,0
A,South,Gillnets,summer,large,d,182.067837240796,13
B,South,Gillnets,summer,large,d,67.5740850155937,0
C,South,Gillnets,summer,large,d,124.094484218676,0
D,South,Gillnets,summer,large,d,130.265849564209,13
E,South,Gillnets,summer,large,d,161.269667113249,0
F,South,Gillnets,summer,large,d,180.316780359189,1
G,South,Gillnets,summer,large,d,111.945691995453,0
H,South,Gillnets,summer,large,d,122.943455694052,0
I,South,Gillnets,summer,large,d,165.267723650267,0
J,South,Gillnets,summer,large,d,103.943149793812,0
A,North,Longlines,summer,large,d,0,0
B,North,Longlines,summer,large,d,0,0
C,North,Longlines,summer,large,d,0,0
D,North,Longlines,summer,large,d,0,0
E,North,Longlines,summer,large,d,0,0
F,North,Longlines,summer,large,d,0,0
G,North,Longlines,summer,large,d,0,0
H,North,Longlines,summer,large,d,0,0
I,North,Longlines,summer,large,d,0,0
J,North,Longlines,summer,large,d,0,0
A,South,Longlines,summer,large,d,0,0
B,South,Longlines,summer,large,d,0,0
C,South,Longlines,summer,large,d,0,0
D,South,Longlines,summer,large,d,0,0
E,South,Longlines,summer,large,d,0,0
F,South,Longlines,summer,large,d,0,0
G,South,Longlines,summer,large,d,0,0
H,South,Longlines,summer,large,d,0,0
I,South,Longlines,summer,large,d,0,0
J,South,Longlines,summer,large,d,0,0
A,North,Trawlers,summer,large,d,377.717274798998,0
B,North,Trawlers,summer,large,d,394.313015455417,0
C,North,Trawlers,summer,large,d,457.282997197501,0
D,North,Trawlers,summer,large,d,474.748141361279,915
E,North,Trawlers,summer,large,d,363.960879299156,1
F,North,Trawlers,summer,large,d,358.280415040601,0
G,North,Trawlers,summer,large,d,716.244196519555,0
H,North,Trawlers,summer,large,d,441.4434323534,2
I,North,Trawlers,summer,large,d,140.046617113966,0
J,North,Trawlers,summer,large,d,275.36458556224,0
A,South,Trawlers,summer,large,d,260.25279192573,0
B,South,Trawlers,summer,large,d,596.13609901148,3
C,South,Trawlers,summer,large,d,161.935361521891,0
D,South,Trawlers,summer,large,d,414.711851561558,192
E,South,Trawlers,summer,large,d,304.476721422324,1
F,South,Trawlers,summer,large,d,232.686254567496,0
G,South,Trawlers,summer,large,d,367.895851190072,2
H,South,Trawlers,summer,large,d,396.853327894256,0
I,South,Trawlers,summer,large,d,404.247577890041,0
J,South,Trawlers,summer,large,d,395.455112240895,0
A,North,Gillnets,fall,large,d,0,0
B,North,Gillnets,fall,large,d,0,0
C,North,Gillnets,fall,large,d,0,0
D,North,Gillnets,fall,large,d,0,0
E,North,Gillnets,fall,large,d,0,0
F,North,Gillnets,fall,large,d,0,0
G,North,Gillnets,fall,large,d,0,0
H,North,Gillnets,fall,large,d,0,0
I,North,Gillnets,fall,large,d,0,0
J,North,Gillnets,fall,large,d,0,0
A,South,Gillnets,fall,large,d,0,0
B,South,Gillnets,fall,large,d,0,0
C,South,Gillnets,fall,large,d,0,0
D,South,Gillnets,fall,large,d,0,0
E,South,Gillnets,fall,large,d,0,0
F,South,Gillnets,fall,large,d,0,0
G,South,Gillnets,fall,large,d,0,0
H,South,Gillnets,fall,large,d,0,0
I,South,Gillnets,fall,large,d,0,0
J,South,Gillnets,fall,large,d,0,0
A,North,Longlines,fall,large,d,0,0
B,North,Longlines,fall,large,d,0,0
C,North,Longlines,fall,large,d,0,0
D,North,Longlines,fall,large,d,0,0
E,North,Longlines,fall,large,d,0,0
F,North,Longlines,fall,large,d,0,0
G,North,Longlines,fall,large,d,0,0
H,North,Longlines,fall,large,d,0,0
I,North,Longlines,fall,large,d,0,0
J,North,Longlines,fall,large,d,0,0
A,South,Longlines,fall,large,d,0,0
B,South,Longlines,fall,large,d,0,0
C,South,Longlines,fall,large,d,0,0
D,South,Longlines,fall,large,d,0,0
E,South,Longlines,fall,large,d,0,0
F,South,Longlines,fall,large,d,0,0
G,South,Longlines,fall,large,d,0,0
H,South,Longlines,fall,large,d,0,0
I,South,Longlines,fall,large,d,0,0
J,South,Longlines,fall,large,d,0,0
A,North,Trawlers,fall,large,d,196.26824102978,0
B,North,Trawlers,fall,large,d,445.119133503642,22
C,North,Trawlers,fall,large,d,426.396077888937,2
D,North,Trawlers,fall,large,d,505.532538098061,367
E,North,Trawlers,fall,large,d,463.291185221274,129
F,North,Trawlers,fall,large,d,426.666771557256,0
G,North,Trawlers,fall,large,d,205.543250244729,0
H,North,Trawlers,fall,large,d,462.8516349707,13
I,North,Trawlers,fall,large,d,546.037033481532,0
J,North,Trawlers,fall,large,d,491.943953398368,0
A,South,Trawlers,fall,large,d,508.326783572802,1
B,South,Trawlers,fall,large,d,434.377471551504,0
C,South,Trawlers,fall,large,d,239.506166716271,15
D,South,Trawlers,fall,large,d,234.034116560431,0
E,South,Trawlers,fall,large,d,314.252117506852,0
F,South,Trawlers,fall,large,d,404.400611900196,0
G,South,Trawlers,fall,large,d,305.698226362618,0
H,South,Trawlers,fall,large,d,423.105231272649,0
I,South,Trawlers,fall,large,d,494.039751921611,0
J,South,Trawlers,fall,large,d,317.806892110316,0
A,North,Gillnets,winter,small,e,65.8202827357699,33
B,North,Gillnets,winter,small,e,82.6752252134786,4
C,North,Gillnets,winter,small,e,45.5430986896402,0
D,North,Gillnets,winter,small,e,36.5469826166038,14
E,North,Gillnets,winter,small,e,85.7304252862794,0
F,North,Gillnets,winter,small,e,34.9293616087441,0
G,North,Gillnets,winter,small,e,73.2704808833164,0
H,North,Gillnets,winter,small,e,63.8009180400043,1
I,North,Gillnets,winter,small,e,41.0341077349582,0
J,North,Gillnets,winter,small,e,88.9493171297312,0
A,South,Gillnets,winter,small,e,77.5952102877363,199
B,South,Gillnets,winter,small,e,51.0259199048345,0
C,South,Gillnets,winter,small,e,78.426311662516,0
D,South,Gillnets,winter,small,e,79.0811788717413,1
E,South,Gillnets,winter,small,e,96.5407004655144,0
F,South,Gillnets,winter,small,e,97.7821807705796,0
G,South,Gillnets,winter,small,e,128.20129805322,0
H,South,Gillnets,winter,small,e,80.2244300858634,0
I,South,Gillnets,winter,small,e,41.2444415981053,0
J,South,Gillnets,winter,small,e,55.0072990282378,0
A,North,Longlines,winter,small,e,87.2019816290488,11
B,North,Longlines,winter,small,e,70.7533625102813,0
C,North,Longlines,winter,small,e,76.5807500739101,4
D,North,Longlines,winter,small,e,56.7883276431572,0
E,North,Longlines,winter,small,e,41.4863833800326,0
F,North,Longlines,winter,small,e,97.1072084325364,0
G,North,Longlines,winter,small,e,85.4137400263415,0
H,North,Longlines,winter,small,e,65.9999730759829,0
I,North,Longlines,winter,small,e,110.868059838142,0
J,North,Longlines,winter,small,e,47.1110049363062,0
A,South,Longlines,winter,small,e,73.0910068597122,1
B,South,Longlines,winter,small,e,69.0347642793541,10
C,South,Longlines,winter,small,e,28.2070799582975,25
D,South,Longlines,winter,small,e,97.5101288376402,0
E,South,Longlines,winter,small,e,61.6383193762872,0
F,South,Longlines,winter,small,e,62.4129613435632,0
G,South,Longlines,winter,small,e,58.2979614982014,0
H,South,Longlines,winter,small,e,54.9100574386542,0
I,South,Longlines,winter,small,e,55.8938030606749,0
J,South,Longlines,winter,small,e,52.8938794532135,0
A,North,Trawlers,winter,small,e,312.504227236433,0
B,North,Trawlers,winter,small,e,145.895640925738,0
C,North,Trawlers,winter,small,e,138.561320077802,6
D,North,Trawlers,winter,small,e,189.548521683366,52
E,North,Trawlers,winter,small,e,280.992723682163,152
F,North,Trawlers,winter,small,e,121.768646840918,0
G,North,Trawlers,winter,small,e,174.250073638106,0
H,North,Trawlers,winter,small,e,148.886240493488,0
I,North,Trawlers,winter,small,e,154.602910803477,0
J,North,Trawlers,winter,small,e,187.600146488927,0
A,South,Trawlers,winter,small,e,181.068581312937,0
B,South,Trawlers,winter,small,e,193.146746402966,4
C,South,Trawlers,winter,small,e,157.620604109743,17
D,South,Trawlers,winter,small,e,200.795486886478,49
E,South,Trawlers,winter,small,e,210.736493427023,2
F,South,Trawlers,winter,small,e,129.309139401366,0
G,South,Trawlers,winter,small,e,215.289500579513,0
H,South,Trawlers,winter,small,e,199.584615099613,0
I,South,Trawlers,winter,small,e,135.739974342554,0
J,South,Trawlers,winter,small,e,232.668499829364,0
A,North,Gillnets,spring,small,e,135.025518261153,28
B,North,Gillnets,spring,small,e,155.669943866858,1
C,North,Gillnets,spring,small,e,149.935246329185,0
D,North,Gillnets,spring,small,e,139.456694270068,0
E,North,Gillnets,spring,small,e,110.60131747586,0
F,North,Gillnets,spring,small,e,111.434201138805,0
G,North,Gillnets,spring,small,e,88.8630410788199,0
H,North,Gillnets,spring,small,e,128.84509328541,2
I,North,Gillnets,spring,small,e,111.812348741547,0
J,North,Gillnets,spring,small,e,173.70502095547,0
A,South,Gillnets,spring,small,e,152.311084157467,1
B,South,Gillnets,spring,small,e,173.775016845866,4
C,South,Gillnets,spring,small,e,186.081984371767,0
D,South,Gillnets,spring,small,e,106.06211654176,0
E,South,Gillnets,spring,small,e,168.411783333384,1
F,South,Gillnets,spring,small,e,116.664723489213,0
G,South,Gillnets,spring,small,e,140.097352240546,0
H,South,Gillnets,spring,small,e,174.263281039029,0
I,South,Gillnets,spring,small,e,180.155310256812,0
J,South,Gillnets,spring,small,e,200.086381623825,0
A,North,Longlines,spring,small,e,145.0810977435,1
B,North,Longlines,spring,small,e,109.662133285462,0
C,North,Longlines,spring,small,e,161.024320243555,22
D,North,Longlines,spring,small,e,223.634198413209,0
E,North,Longlines,spring,small,e,120.493389402135,0
F,North,Longlines,spring,small,e,210.228718642116,0
G,North,Longlines,spring,small,e,116.757261531159,0
H,North,Longlines,spring,small,e,176.912768750191,0
I,North,Longlines,spring,small,e,217.256375062066,0
J,North,Longlines,spring,small,e,272.436053417822,0
A,South,Longlines,spring,small,e,160.879264407801,1
B,South,Longlines,spring,small,e,123.430628993723,0
C,South,Longlines,spring,small,e,173.574511655202,8
D,South,Longlines,spring,small,e,172.913298297702,0
E,South,Longlines,spring,small,e,161.693528632425,0
F,South,Longlines,spring,small,e,150.147135740356,0
G,South,Longlines,spring,small,e,135.490585679545,0
H,South,Longlines,spring,small,e,150.608183525207,0
I,South,Longlines,spring,small,e,70.8098751994671,0
J,South,Longlines,spring,small,e,153.723657675489,0
A,North,Trawlers,spring,small,e,368.5593821937,0
B,North,Trawlers,spring,small,e,399.346653935924,0
C,North,Trawlers,spring,small,e,339.912775752795,16
D,North,Trawlers,spring,small,e,263.542138607869,2
E,North,Trawlers,spring,small,e,503.923363256121,22
F,North,Trawlers,spring,small,e,281.78843631365,0
G,North,Trawlers,spring,small,e,508.352697190107,0
H,North,Trawlers,spring,small,e,309.753924664824,9
I,North,Trawlers,spring,small,e,307.674128811812,0
J,North,Trawlers,spring,small,e,311.211606016611,0
A,South,Trawlers,spring,small,e,365.82429114525,0
B,South,Trawlers,spring,small,e,173.382328284092,0
C,South,Trawlers,spring,small,e,470.750367086423,0
D,South,Trawlers,spring,small,e,259.732143882031,52
E,South,Trawlers,spring,small,e,382.51346385108,0
F,South,Trawlers,spring,small,e,439.913497625754,0
G,South,Trawlers,spring,small,e,255.913148431364,0
H,South,Trawlers,spring,small,e,221.380128941972,0
I,South,Trawlers,spring,small,e,252.549403247012,0
J,South,Trawlers,spring,small,e,530.636380107142,0
A,North,Gillnets,summer,small,e,131.021726445741,2
B,North,Gillnets,summer,small,e,121.865589919109,0
C,North,Gillnets,summer,small,e,135.431732726134,0
D,North,Gillnets,summer,small,e,164.913834677017,5
E,North,Gillnets,summer,small,e,169.747335243637,13
F,North,Gillnets,summer,small,e,87.4427168192468,0
G,North,Gillnets,summer,small,e,73.525627157846,0
H,North,Gillnets,summer,small,e,243.235273096535,3
I,North,Gillnets,summer,small,e,202.843620668174,0
J,North,Gillnets,summer,small,e,169.796423842751,0
A,South,Gillnets,summer,small,e,172.169708094236,4
B,South,Gillnets,summer,small,e,71.1617449935326,0
C,South,Gillnets,summer,small,e,95.0043298856965,0
D,South,Gillnets,summer,small,e,95.9414017234176,81
E,South,Gillnets,summer,small,e,123.173830576157,1
F,South,Gillnets,summer,small,e,152.209653569405,0
G,South,Gillnets,summer,small,e,197.487285521018,0
H,South,Gillnets,summer,small,e,155.021843796924,0
I,South,Gillnets,summer,small,e,165.632328026114,0
J,South,Gillnets,summer,small,e,202.998898604331,0
A,North,Longlines,summer,small,e,154.707400269331,1
B,North,Longlines,summer,small,e,154.629591438394,0
C,North,Longlines,summer,small,e,160.779078618052,0
D,North,Longlines,summer,small,e,165.386184744945,0
E,North,Longlines,summer,small,e,214.857612191134,0
F,North,Longlines,summer,small,e,114.673098806645,0
G,North,Longlines,summer,small,e,123.894233325001,0
H,North,Longlines,summer,small,e,206.900519118377,0
I,North,Longlines,summer,small,e,229.367643732575,0
J,North,Longlines,summer,small,e,156.559705229058,0
A,South,Longlines,summer,small,e,135.553956924045,0
B,South,Longlines,summer,small,e,161.745587550311,1
C,South,Longlines,summer,small,e,176.9936695079,12
D,South,Longlines,summer,small,e,163.869105239529,0
E,South,Longlines,summer,small,e,122.437026531944,0
F,South,Longlines,summer,small,e,78.9314966067719,0
G,South,Longlines,summer,small,e,130.776094662946,0
H,South,Longlines,summer,small,e,173.512085673423,0
I,South,Longlines,summer,small,e,128.054464385855,0
J,South,Longlines,summer,small,e,154.735630789421,0
A,North,Trawlers,summer,small,e,581.62978065131,0
B,North,Trawlers,summer,small,e,407.042256012109,0
C,North,Trawlers,summer,small,e,470.279351943078,20
D,North,Trawlers,summer,small,e,266.099735519247,429
E,North,Trawlers,summer,small,e,444.360346641991,26
F,North,Trawlers,summer,small,e,480.221752443673,0
G,North,Trawlers,summer,small,e,417.019550236503,0
H,North,Trawlers,summer,small,e,179.906077372291,8
I,North,Trawlers,summer,small,e,353.782031216604,0
J,North,Trawlers,summer,small,e,424.681151335912,0
A,South,Trawlers,summer,small,e,469.463647907527,0
B,South,Trawlers,summer,small,e,554.363731657713,0
C,South,Trawlers,summer,small,e,414.087329673336,1
D,South,Trawlers,summer,small,e,381.080779911622,0
E,South,Trawlers,summer,small,e,171.842358196724,3
F,South,Trawlers,summer,small,e,220.030307727044,0
G,South,Trawlers,summer,small,e,388.679852798925,0
H,South,Trawlers,summer,small,e,324.803724409774,5
I,South,Trawlers,summer,small,e,539.492818368206,0
J,South,Trawlers,summer,small,e,276.245588574886,0
A,North,Gillnets,fall,small,e,0,0
B,North,Gillnets,fall,small,e,0,0
C,North,Gillnets,fall,small,e,0,0
D,North,Gillnets,fall,small,e,0,0
E,North,Gillnets,fall,small,e,0,0
F,North,Gillnets,fall,small,e,0,0
G,North,Gillnets,fall,small,e,0,0
H,North,Gillnets,fall,small,e,0,0
I,North,Gillnets,fall,small,e,0,0
J,North,Gillnets,fall,small,e,0,0
A,South,Gillnets,fall,small,e,0,0
B,South,Gillnets,fall,small,e,0,0
C,South,Gillnets,fall,small,e,0,0
D,South,Gillnets,fall,small,e,0,0
E,South,Gillnets,fall,small,e,0,0
F,South,Gillnets,fall,small,e,0,0
G,South,Gillnets,fall,small,e,0,0
H,South,Gillnets,fall,small,e,0,0
I,South,Gillnets,fall,small,e,0,0
J,South,Gillnets,fall,small,e,0,0
A,North,Longlines,fall,small,e,166.219643794048,16
B,North,Longlines,fall,small,e,173.494218472742,1
C,North,Longlines,fall,small,e,134.287476550179,24
D,North,Longlines,fall,small,e,132.731697786919,0
E,North,Longlines,fall,small,e,128.623385701052,0
F,North,Longlines,fall,small,e,171.220308995847,0
G,North,Longlines,fall,small,e,240.68334075344,0
H,North,Longlines,fall,small,e,173.934098633128,0
I,North,Longlines,fall,small,e,161.608670356998,0
J,North,Longlines,fall,small,e,227.467617544326,0
A,South,Longlines,fall,small,e,120.329348414772,5
B,South,Longlines,fall,small,e,124.677327411486,0
C,South,Longlines,fall,small,e,77.5388099362616,0
D,South,Longlines,fall,small,e,156.38521091176,0
E,South,Longlines,fall,small,e,205.590909776957,0
F,South,Longlines,fall,small,e,160.1731876048,0
G,South,Longlines,fall,small,e,97.8164033067826,0
H,South,Longlines,fall,small,e,198.937104867897,0
I,South,Longlines,fall,small,e,151.592722855538,0
J,South,Longlines,fall,small,e,185.461380284812,0
A,North,Trawlers,fall,small,e,359.61287757901,0
B,North,Trawlers,fall,small,e,390.642211853832,1
C,North,Trawlers,fall,small,e,444.578987777658,16
D,North,Trawlers,fall,small,e,478.060890307335,2370
E,North,Trawlers,fall,small,e,446.19446236779,28
F,North,Trawlers,fall,small,e,300.443669461572,0
G,North,Trawlers,fall,small,e,377.983579313071,0
H,North,Trawlers,fall,small,e,423.412098439359,8
I,North,Trawlers,fall,small,e,460.586400419292,0
J,North,Trawlers,fall,small,e,288.455486575035,0
A,South,Trawlers,fall,small,e,228.542658179551,0
B,South,Trawlers,fall,small,e,360.004014519472,0
C,South,Trawlers,fall,small,e,384.784896622618,1
D,South,Trawlers,fall,small,e,268.266945121671,592
E,South,Trawlers,fall,small,e,414.085829213158,1
F,South,Trawlers,fall,small,e,374.55305457999,0
G,South,Trawlers,fall,small,e,396.070542523821,0
H,South,Trawlers,fall,small,e,242.301553992299,0
I,South,Trawlers,fall,small,e,488.85362661185,0
J,South,Trawlers,fall,small,e,516.608498134932,0
A,North,Gillnets,winter,large,e,40.06342532833,44
B,North,Gillnets,winter,large,e,58.4748199007576,8
C,North,Gillnets,winter,large,e,85.7102684581211,2
D,North,Gillnets,winter,large,e,80.7097235240076,36
E,North,Gillnets,winter,large,e,69.5968059048908,19
F,North,Gillnets,winter,large,e,32.1251853858227,0
G,North,Gillnets,winter,large,e,66.8507492680176,0
H,North,Gillnets,winter,large,e,78.0639108648411,2
I,North,Gillnets,winter,large,e,50.5032602861367,0
J,North,Gillnets,winter,large,e,47.1427830517711,0
A,South,Gillnets,winter,large,e,119.770271981448,138
B,South,Gillnets,winter,large,e,133.976318516747,202
C,South,Gillnets,winter,large,e,56.3171994895707,0
D,South,Gillnets,winter,large,e,67.6633563526778,4
E,South,Gillnets,winter,large,e,80.3403561995126,3
F,South,Gillnets,winter,large,e,60.1561475807591,0
G,South,Gillnets,winter,large,e,64.1931640333519,0
H,South,Gillnets,winter,large,e,96.4712253228154,0
I,South,Gillnets,winter,large,e,47.3656263934327,0
J,South,Gillnets,winter,large,e,61.3516359298166,0
A,North,Longlines,winter,large,e,89.1150691111132,75
B,North,Longlines,winter,large,e,67.7160219619256,14
C,North,Longlines,winter,large,e,39.8432839926676,2
D,North,Longlines,winter,large,e,97.2043243896633,0
E,North,Longlines,winter,large,e,59.6518381921668,0
F,North,Longlines,winter,large,e,56.9448091900749,0
G,North,Longlines,winter,large,e,73.755733617611,0
H,North,Longlines,winter,large,e,63.5279253061311,0
I,North,Longlines,winter,large,e,100.560435975916,0
J,North,Longlines,winter,large,e,68.1343545942933,0
A,South,Longlines,winter,large,e,83.9646035400315,1
B,South,Longlines,winter,large,e,34.1887875887917,9
C,South,Longlines,winter,large,e,86.2088212975082,4
D,South,Longlines,winter,large,e,115.277701040684,0
E,South,Longlines,winter,large,e,78.2613296794644,0
F,South,Longlines,winter,large,e,48.891514540864,0
G,South,Longlines,winter,large,e,93.2731299784459,0
H,South,Longlines,winter,large,e,47.1313754998915,0
I,South,Longlines,winter,large,e,80.987756486216,0
J,South,Longlines,winter,large,e,72.864233278495,0
A,North,Trawlers,winter,large,e,201.216075789726,2
B,North,Trawlers,winter,large,e,186.453156075638,25
C,North,Trawlers,winter,large,e,162.632114068665,1
D,North,Trawlers,winter,large,e,240.552165577002,21
E,North,Trawlers,winter,large,e,191.665736828303,2
F,North,Trawlers,winter,large,e,233.626779059375,0
G,North,Trawlers,winter,large,e,272.729506394154,0
H,North,Trawlers,winter,large,e,172.410972767828,4
I,North,Trawlers,winter,large,e,209.400688292671,0
J,North,Trawlers,winter,large,e,169.190159441719,0
A,South,Trawlers,winter,large,e,178.004934358658,0
B,South,Trawlers,winter,large,e,110.83635901193,75
C,South,Trawlers,winter,large,e,208.897387053441,29
D,South,Trawlers,winter,large,e,130.425711308817,20
E,South,Trawlers,winter,large,e,211.920330612809,1
F,South,Trawlers,winter,large,e,183.496253042485,0
G,South,Trawlers,winter,large,e,114.083593719554,0
H,South,Trawlers,winter,large,e,171.969013453832,0
I,South,Trawlers,winter,large,e,185.016993335113,0
J,South,Trawlers,winter,large,e,123.202405118526,0
A,North,Gillnets,spring,large,e,65.673026356069,2
B,North,Gillnets,spring,large,e,143.806683860223,0
C,North,Gillnets,spring,large,e,200.624228578239,0
D,North,Gillnets,spring,large,e,120.682483012429,37
E,North,Gillnets,spring,large,e,201.660218957676,86
F,North,Gillnets,spring,large,e,211.375430384054,0
G,North,Gillnets,spring,large,e,99.9867243700793,0
H,North,Gillnets,spring,large,e,100.473099336934,2
I,North,Gillnets,spring,large,e,202.068370464053,0
J,North,Gillnets,spring,large,e,165.264661128039,0
A,South,Gillnets,spring,large,e,74.1876765109567,1
B,South,Gillnets,spring,large,e,124.633537690555,0
C,South,Gillnets,spring,large,e,143.06783730144,0
D,South,Gillnets,spring,large,e,167.038258506859,34
E,South,Gillnets,spring,large,e,99.5680100778167,0
F,South,Gillnets,spring,large,e,203.369074319109,0
G,South,Gillnets,spring,large,e,119.547101243725,0
H,South,Gillnets,spring,large,e,149.561471233312,0
I,South,Gillnets,spring,large,e,182.088816779863,0
J,South,Gillnets,spring,large,e,122.901245926069,0
A,North,Longlines,spring,large,e,103.838540053678,0
B,North,Longlines,spring,large,e,137.489029653897,3
C,North,Longlines,spring,large,e,83.1789432189277,1
D,North,Longlines,spring,large,e,185.583930826145,0
E,North,Longlines,spring,large,e,187.656186565316,0
F,North,Longlines,spring,large,e,188.056165504586,0
G,North,Longlines,spring,large,e,146.637631309966,0
H,North,Longlines,spring,large,e,149.790024500987,0
I,North,Longlines,spring,large,e,160.301253676441,0
J,North,Longlines,spring,large,e,173.814051186396,0
A,South,Longlines,spring,large,e,127.333690427685,11
B,South,Longlines,spring,large,e,109.061011762292,0
C,South,Longlines,spring,large,e,172.469170617708,49
D,South,Longlines,spring,large,e,138.299913692724,0
E,South,Longlines,spring,large,e,158.177512091424,0
F,South,Longlines,spring,large,e,212.394239336944,0
G,South,Longlines,spring,large,e,126.797950303784,0
H,South,Longlines,spring,large,e,198.32454490887,0
I,South,Longlines,spring,large,e,179.804990578277,0
J,South,Longlines,spring,large,e,74.7776943441222,0
A,North,Trawlers,spring,large,e,382.883425829889,0
B,North,Trawlers,spring,large,e,321.014463717272,0
C,North,Trawlers,spring,large,e,563.367011134462,0
D,North,Trawlers,spring,large,e,400.406826616953,609
E,North,Trawlers,spring,large,e,191.563647013448,207
F,North,Trawlers,spring,large,e,335.093754039882,0
G,North,Trawlers,spring,large,e,264.811753788798,0
H,North,Trawlers,spring,large,e,222.928123218213,6
I,North,Trawlers,spring,large,e,332.933635999295,0
J,North,Trawlers,spring,large,e,408.804218028624,0
A,South,Trawlers,spring,large,e,280.591312525506,0
B,South,Trawlers,spring,large,e,478.106405479894,7
C,South,Trawlers,spring,large,e,313.693142306993,0
D,South,Trawlers,spring,large,e,515.82207537883,1216
E,South,Trawlers,spring,large,e,230.973479078695,3
F,South,Trawlers,spring,large,e,388.218956196422,0
G,South,Trawlers,spring,large,e,352.860102581721,0
H,South,Trawlers,spring,large,e,372.337623290979,1
I,South,Trawlers,spring,large,e,321.796733445097,0
J,South,Trawlers,spring,large,e,275.048377345374,0
A,North,Gillnets,summer,large,e,139.514810399554,13
B,North,Gillnets,summer,large,e,181.012729787168,2
C,North,Gillnets,summer,large,e,165.184966751232,0
D,North,Gillnets,summer,large,e,231.177956783742,34
E,North,Gillnets,summer,large,e,228.894830981113,23
F,North,Gillnets,summer,large,e,107.470565128607,0
G,North,Gillnets,summer,large,e,165.995587899536,0
H,North,Gillnets,summer,large,e,79.1816074874316,0
I,North,Gillnets,summer,large,e,156.945310872266,0
J,North,Gillnets,summer,large,e,208.715338160467,0
A,South,Gillnets,summer,large,e,236.205922099519,24
B,South,Gillnets,summer,large,e,141.668336711831,2
C,South,Gillnets,summer,large,e,179.039348331104,2
D,South,Gillnets,summer,large,e,137.023807457459,182
E,South,Gillnets,summer,large,e,113.842489371822,0
F,South,Gillnets,summer,large,e,146.687289016601,0
G,South,Gillnets,summer,large,e,181.650668353004,0
H,South,Gillnets,summer,large,e,107.542166541009,0
I,South,Gillnets,summer,large,e,225.934493208969,0
J,South,Gillnets,summer,large,e,167.558204241492,0
A,North,Longlines,summer,large,e,241.210321428876,2
B,North,Longlines,summer,large,e,154.515125065499,0
C,North,Longlines,summer,large,e,149.363862435216,11
D,North,Longlines,summer,large,e,178.396292613605,0
E,North,Longlines,summer,large,e,214.370042560876,0
F,North,Longlines,summer,large,e,240.721007843869,0
G,North,Longlines,summer,large,e,157.721316770966,0
H,North,Longlines,summer,large,e,166.466757847869,0
I,North,Longlines,summer,large,e,226.575463231677,0
J,North,Longlines,summer,large,e,247.085690633679,0
A,South,Longlines,summer,large,e,141.709852095292,2
B,South,Longlines,summer,large,e,193.007607789857,1
C,South,Longlines,summer,large,e,120.561221663462,0
D,South,Longlines,summer,large,e,149.479596574603,0
E,South,Longlines,summer,large,e,127.803331293855,0
F,South,Longlines,summer,large,e,193.922373603879,0
G,South,Longlines,summer,large,e,145.056783234104,0
H,South,Longlines,summer,large,e,109.452587567869,0
I,South,Longlines,summer,large,e,73.0264080033181,0
J,South,Longlines,summer,large,e,103.579208269381,0
A,North,Trawlers,summer,large,e,413.124461925491,0
B,North,Trawlers,summer,large,e,461.589510279885,0
C,North,Trawlers,summer,large,e,614.955627672326,45
D,North,Trawlers,summer,large,e,546.92134007977,97
E,North,Trawlers,summer,large,e,430.951368681587,198
F,North,Trawlers,summer,large,e,379.421042806891,0
G,North,Trawlers,summer,large,e,352.361279119095,0
H,North,Trawlers,summer,large,e,347.987191662675,1
I,North,Trawlers,summer,large,e,338.799652135277,0
J,North,Trawlers,summer,large,e,377.224895763649,0
A,South,Trawlers,summer,large,e,583.271816402597,0
B,South,Trawlers,summer,large,e,453.049521651551,0
C,South,Trawlers,summer,large,e,513.752034666903,6
D,South,Trawlers,summer,large,e,435.462292484606,786
E,South,Trawlers,summer,large,e,334.907834796394,1
F,South,Trawlers,summer,large,e,395.420959539115,0
G,South,Trawlers,summer,large,e,361.741088477223,0
H,South,Trawlers,summer,large,e,256.75562464553,2
I,South,Trawlers,summer,large,e,191.1756100021,0
J,South,Trawlers,summer,large,e,262.525589702401,0
A,North,Gillnets,fall,large,e,0,0
B,North,Gillnets,fall,large,e,0,0
C,North,Gillnets,fall,large,e,0,0
D,North,Gillnets,fall,large,e,0,0
E,North,Gillnets,fall,large,e,0,0
F,North,Gillnets,fall,large,e,0,0
G,North,Gillnets,fall,large,e,0,0
H,North,Gillnets,fall,large,e,0,0
I,North,Gillnets,fall,large,e,0,0
J,North,Gillnets,fall,large,e,0,0
A,South,Gillnets,fall,large,e,0,0
B,South,Gillnets,fall,large,e,0,0
C,South,Gillnets,fall,large,e,0,0
D,South,Gillnets,fall,large,e,0,0
E,South,Gillnets,fall,large,e,0,0
F,South,Gillnets,fall,large,e,0,0
G,South,Gillnets,fall,large,e,0,0
H,South,Gillnets,fall,large,e,0,0
I,South,Gillnets,fall,large,e,0,0
J,South,Gillnets,fall,large,e,0,0
A,North,Longlines,fall,large,e,152.263445138107,25
B,North,Longlines,fall,large,e,172.957865271621,10
C,North,Longlines,fall,large,e,177.207960963253,1
D,North,Longlines,fall,large,e,96.258316162366,0
E,North,Longlines,fall,large,e,95.351774087717,0
F,North,Longlines,fall,large,e,131.490610119926,0
G,North,Longlines,fall,large,e,182.543371448953,0
H,North,Longlines,fall,large,e,98.2361594111887,0
I,North,Longlines,fall,large,e,171.570661358416,0
J,North,Longlines,fall,large,e,131.48928962868,0
A,South,Longlines,fall,large,e,156.198297808589,50
B,South,Longlines,fall,large,e,112.412324996526,0
C,South,Longlines,fall,large,e,153.477979055311,1
D,South,Longlines,fall,large,e,140.264031678358,0
E,South,Longlines,fall,large,e,84.327651655056,0
F,South,Longlines,fall,large,e,134.218029984935,0
G,South,Longlines,fall,large,e,94.5788750880227,0
H,South,Longlines,fall,large,e,149.439120159012,0
I,South,Longlines,fall,large,e,133.064271904315,0
J,South,Longlines,fall,large,e,141.242873631975,0
A,North,Trawlers,fall,large,e,425.827320452677,0
B,North,Trawlers,fall,large,e,353.607131238376,36
C,North,Trawlers,fall,large,e,424.598665485089,8
D,North,Trawlers,fall,large,e,273.632314370246,51
E,North,Trawlers,fall,large,e,366.998818954222,15
F,North,Trawlers,fall,large,e,319.117335656694,0
G,North,Trawlers,fall,large,e,455.743853267008,0
H,North,Trawlers,fall,large,e,435.265820057625,4
I,North,Trawlers,fall,large,e,259.097795245089,0
J,North,Trawlers,fall,large,e,507.765946396085,0
A,South,Trawlers,fall,large,e,294.278093802629,0
B,South,Trawlers,fall,large,e,358.084777307801,5
C,South,Trawlers,fall,large,e,450.018600340527,0
D,South,Trawlers,fall,large,e,435.564051566685,404
E,South,Trawlers,fall,large,e,401.378062547615,7
F,South,Trawlers,fall,large,e,465.311287255533,0
G,South,Trawlers,fall,large,e,477.682913225513,0
H,South,Trawlers,fall,large,e,226.074988509825,0
I,South,Trawlers,fall,large,e,313.109150417541,0
J,South,Trawlers,fall,large,e,432.447330761284,0
