region,gear,season,vessel_size,area,days
North,Gillnets,winter,small,a,65661.3348692189
North,Gillnets,winter,small,a,47065.6243713513
North,Gillnets,winter,small,a,43110.0732637832
North,Gillnets,winter,small,a,49159.9297148253
North,Gillnets,winter,small,a,42585.0441263942
North,Gillnets,winter,small,a,31650.1547136116
North,Gillnets,winter,small,a,51340.0708077737
North,Gillnets,winter,small,a,41451.1476904174
North,Gillnets,winter,small,a,54366.2831929154
North,Gillnets,winter,small,a,43750.4331437594
South,Gillnets,winter,small,a,21900.4882892869
South,Gillnets,winter,small,a,25301.6813667993
South,Gillnets,winter,small,a,23360.5622713741
South,Gillnets,winter,small,a,29172.6116338626
South,Gillnets,winter,small,a,18315.5900594796
South,Gillnets,winter,small,a,28722.1130376076
South,Gillnets,winter,small,a,16358.0737921837
South,Gillnets,winter,small,a,23339.6502912502
South,Gillnets,winter,small,a,15472.0624896121
South,Gillnets,winter,small,a,15429.491851036
North,Longlines,winter,small,a,10009.7324772187
North,Longlines,winter,small,a,10424.6170496364
North,Longlines,winter,small,a,15671.064180765
North,Longlines,winter,small,a,11008.4185072536
North,Longlines,winter,small,a,10693.749618782
North,Longlines,winter,small,a,9273.79121204654
North,Longlines,winter,small,a,5392.93591161634
North,Longlines,winter,small,a,6825.58171946732
North,Longlines,winter,small,a,6070.04220323515
North,Longlines,winter,small,a,8360.61417215429
South,Longlines,winter,small,a,12214.1899419465
South,Longlines,winter,small,a,12624.4308909395
South,Longlines,winter,small,a,6419.04152477353
South,Longlines,winter,small,a,8042.74401748821
South,Longlines,winter,small,a,7446.62862441473
South,Longlines,winter,small,a,13947.1801693427
South,Longlines,winter,small,a,12273.5429921265
South,Longlines,winter,small,a,9156.44993015291
South,Longlines,winter,small,a,9872.92016789528
South,Longlines,winter,small,a,7546.49177014532
North,Trawlers,winter,small,a,7499.73441926924
North,Trawlers,winter,small,a,5926.38558229343
North,Trawlers,winter,small,a,4457.656245274
North,Trawlers,winter,small,a,7053.96640834472
North,Trawlers,winter,small,a,6083.04078029009
North,Trawlers,winter,small,a,6998.55660534611
North,Trawlers,winter,small,a,9099.50642319587
North,Trawlers,winter,small,a,7568.77927900327
North,Trawlers,winter,small,a,7706.92440012435
North,Trawlers,winter,small,a,5595.96461072311
South,Trawlers,winter,small,a,6294.09472976374
South,Trawlers,winter,small,a,4201.88778529247
South,Trawlers,winter,small,a,5216.36381340799
South,Trawlers,winter,small,a,7897.76741994819
South,Trawlers,winter,small,a,7758.79207087523
South,Trawlers,winter,small,a,4841.92496464778
South,Trawlers,winter,small,a,4925.42096737183
South,Trawlers,winter,small,a,8542.34664927714
South,Trawlers,winter,small,a,7115.09101072317
South,Trawlers,winter,small,a,10521.616433882
North,Gillnets,spring,small,a,148639.641025002
North,Gillnets,spring,small,a,142318.897299336
North,Gillnets,spring,small,a,82164.5654019928
North,Gillnets,spring,small,a,134552.842414376
North,Gillnets,spring,small,a,109123.544490984
North,Gillnets,spring,small,a,146258.13065812
North,Gillnets,spring,small,a,114650.132437764
North,Gillnets,spring,small,a,113863.394673396
North,Gillnets,spring,small,a,74713.5742381643
North,Gillnets,spring,small,a,98165.4920460516
South,Gillnets,spring,small,a,54159.8436519497
South,Gillnets,spring,small,a,75969.6957824148
South,Gillnets,spring,small,a,36668.8006166176
South,Gillnets,spring,small,a,49480.9705651158
South,Gillnets,spring,small,a,63908.7017738428
South,Gillnets,spring,small,a,60074.865826597
South,Gillnets,spring,small,a,52118.911355214
South,Gillnets,spring,small,a,44557.0319185952
South,Gillnets,spring,small,a,91186.4684780512
South,Gillnets,spring,small,a,37404.7473601161
North,Longlines,spring,small,a,22516.3826871005
North,Longlines,spring,small,a,16735.9444132394
North,Longlines,spring,small,a,19170.2211070382
North,Longlines,spring,small,a,25269.8131489665
North,Longlines,spring,small,a,16701.4787786292
North,Longlines,spring,small,a,25883.9844386873
North,Longlines,spring,small,a,22085.9747493543
North,Longlines,spring,small,a,15682.7665299731
North,Longlines,spring,small,a,27582.3427061308
North,Longlines,spring,small,a,15445.3047197692
South,Longlines,spring,small,a,18261.6021753401
South,Longlines,spring,small,a,16319.9987608849
South,Longlines,spring,small,a,18287.7559454852
South,Longlines,spring,small,a,18424.0687695895
South,Longlines,spring,small,a,24246.9827477395
South,Longlines,spring,small,a,22126.6027975382
South,Longlines,spring,small,a,14920.9534912109
South,Longlines,spring,small,a,25439.305560646
South,Longlines,spring,small,a,19175.3439375834
South,Longlines,spring,small,a,19194.537754456
North,Trawlers,spring,small,a,6635.14693944968
North,Trawlers,spring,small,a,6242.62088363725
North,Trawlers,spring,small,a,8961.23022581278
North,Trawlers,spring,small,a,6375.97982948188
North,Trawlers,spring,small,a,7797.56907184033
North,Trawlers,spring,small,a,9873.23144235352
North,Trawlers,spring,small,a,3369.00225689265
North,Trawlers,spring,small,a,5982.81495343271
North,Trawlers,spring,small,a,10746.31920936
North,Trawlers,spring,small,a,5374.98803746123
South,Trawlers,spring,small,a,6234.02911988228
South,Trawlers,spring,small,a,7272.2821844444
South,Trawlers,spring,small,a,6672.38857873033
South,Trawlers,spring,small,a,8278.16795830977
South,Trawlers,spring,small,a,4903.86333088307
South,Trawlers,spring,small,a,10260.5827075291
South,Trawlers,spring,small,a,8831.02953074902
South,Trawlers,spring,small,a,12597.9087692136
South,Trawlers,spring,small,a,8547.60096793338
South,Trawlers,spring,small,a,7905.15644910316
North,Gillnets,summer,small,a,70350.9716989911
North,Gillnets,summer,small,a,56659.0810074117
North,Gillnets,summer,small,a,57905.9200294741
North,Gillnets,summer,small,a,72149.3009621541
North,Gillnets,summer,small,a,33506.4540175199
North,Gillnets,summer,small,a,79045.5433751888
North,Gillnets,summer,small,a,45868.2596398597
North,Gillnets,summer,small,a,63077.0674209754
North,Gillnets,summer,small,a,101662.559653497
North,Gillnets,summer,small,a,57594.5557675993
South,Gillnets,summer,small,a,38425.5820964604
South,Gillnets,summer,small,a,41250.8171711746
South,Gillnets,summer,small,a,27135.1865163498
South,Gillnets,summer,small,a,39652.7679399216
South,Gillnets,summer,small,a,35921.0638108655
South,Gillnets,summer,small,a,23162.8558119283
South,Gillnets,summer,small,a,22286.3954840052
South,Gillnets,summer,small,a,28974.2942023382
South,Gillnets,summer,small,a,30549.8275517249
South,Gillnets,summer,small,a,24249.5402916064
North,Longlines,summer,small,a,23639.9899769621
North,Longlines,summer,small,a,28004.9424368327
North,Longlines,summer,small,a,15987.5677891665
North,Longlines,summer,small,a,22114.2813660001
North,Longlines,summer,small,a,20404.2606040761
North,Longlines,summer,small,a,27936.7875582216
North,Longlines,summer,small,a,20024.6356680214
North,Longlines,summer,small,a,11936.7594934444
North,Longlines,summer,small,a,20106.650335295
North,Longlines,summer,small,a,14240.5387961574
South,Longlines,summer,small,a,21496.7967130899
South,Longlines,summer,small,a,32258.2581636222
South,Longlines,summer,small,a,30939.8535282429
South,Longlines,summer,small,a,20637.497339466
South,Longlines,summer,small,a,15472.4740690366
South,Longlines,summer,small,a,30491.9768365813
South,Longlines,summer,small,a,21415.6455298282
South,Longlines,summer,small,a,24285.4642693432
South,Longlines,summer,small,a,23564.7396777527
South,Longlines,summer,small,a,17335.2885191393
North,Trawlers,summer,small,a,3622.19319068711
North,Trawlers,summer,small,a,3513.49985945699
North,Trawlers,summer,small,a,3805.90829472009
North,Trawlers,summer,small,a,5527.41391992964
North,Trawlers,summer,small,a,2584.27539032905
North,Trawlers,summer,small,a,4284.45217197513
North,Trawlers,summer,small,a,6252.99693158323
North,Trawlers,summer,small,a,5280.80701036543
North,Trawlers,summer,small,a,4222.20895306984
North,Trawlers,summer,small,a,3978.27724926232
South,Trawlers,summer,small,a,6758.29500753751
South,Trawlers,summer,small,a,7127.41688042295
South,Trawlers,summer,small,a,5264.51824260565
South,Trawlers,summer,small,a,5558.83278360695
South,Trawlers,summer,small,a,5104.17602214689
South,Trawlers,summer,small,a,3630.22308867421
South,Trawlers,summer,small,a,4026.76325793967
South,Trawlers,summer,small,a,3290.61957131111
South,Trawlers,summer,small,a,5546.69966676192
South,Trawlers,summer,small,a,3416.89481087109
North,Gillnets,fall,small,a,72844.866017627
North,Gillnets,fall,small,a,68200.7710586926
North,Gillnets,fall,small,a,50413.8787477772
North,Gillnets,fall,small,a,41006.7992831907
North,Gillnets,fall,small,a,71934.4213415725
North,Gillnets,fall,small,a,59665.2040183118
North,Gillnets,fall,small,a,77425.6633028043
North,Gillnets,fall,small,a,42388.2046241922
North,Gillnets,fall,small,a,49958.9384357995
North,Gillnets,fall,small,a,58094.8935506768
South,Gillnets,fall,small,a,36093.9477590517
South,Gillnets,fall,small,a,36939.9084496397
South,Gillnets,fall,small,a,36064.9389350885
South,Gillnets,fall,small,a,14159.7639566901
South,Gillnets,fall,small,a,26264.5333499382
South,Gillnets,fall,small,a,29232.9944000525
South,Gillnets,fall,small,a,27868.9025709241
South,Gillnets,fall,small,a,20245.3129897557
South,Gillnets,fall,small,a,22725.6064690181
South,Gillnets,fall,small,a,28946.1535518134
North,Longlines,fall,small,a,11662.1811732672
North,Longlines,fall,small,a,12197.9850013633
North,Longlines,fall,small,a,5781.43289117482
North,Longlines,fall,small,a,12322.754864603
North,Longlines,fall,small,a,9664.59991242511
North,Longlines,fall,small,a,14748.1024934915
North,Longlines,fall,small,a,13927.1936504991
North,Longlines,fall,small,a,10092.2077855846
North,Longlines,fall,small,a,11327.6862542969
North,Longlines,fall,small,a,13826.4581423776
South,Longlines,fall,small,a,10525.7375038743
South,Longlines,fall,small,a,10409.278685655
South,Longlines,fall,small,a,9759.6474998736
South,Longlines,fall,small,a,10255.4600667819
South,Longlines,fall,small,a,12219.0729351368
South,Longlines,fall,small,a,7718.91860071061
South,Longlines,fall,small,a,10400.9114581993
South,Longlines,fall,small,a,17545.8356693858
South,Longlines,fall,small,a,11929.191010914
South,Longlines,fall,small,a,9378.35758336377
North,Trawlers,fall,small,a,6377.41086151891
North,Trawlers,fall,small,a,7942.57595451717
North,Trawlers,fall,small,a,8318.43626193637
North,Trawlers,fall,small,a,5779.99692999556
North,Trawlers,fall,small,a,6486.71411509654
North,Trawlers,fall,small,a,8342.47604952265
North,Trawlers,fall,small,a,6853.33899147938
North,Trawlers,fall,small,a,8316.46498554128
North,Trawlers,fall,small,a,6835.52657194322
North,Trawlers,fall,small,a,5232.44814536267
South,Trawlers,fall,small,a,8157.14165848075
South,Trawlers,fall,small,a,5942.27488965321
South,Trawlers,fall,small,a,5345.40393523415
South,Trawlers,fall,small,a,7713.94436573673
South,Trawlers,fall,small,a,8850.79800617167
South,Trawlers,fall,small,a,6536.83542819329
South,Trawlers,fall,small,a,4328.07375503493
South,Trawlers,fall,small,a,8941.89145411
South,Trawlers,fall,small,a,7874.33514758868
South,Trawlers,fall,small,a,6536.91027979699
North,Gillnets,winter,large,a,40421.4144141161
North,Gillnets,winter,large,a,69065.1481731653
North,Gillnets,winter,large,a,47352.8127514138
North,Gillnets,winter,large,a,34332.7471019865
North,Gillnets,winter,large,a,42192.3565271842
North,Gillnets,winter,large,a,58714.0526849743
North,Gillnets,winter,large,a,46453.5962672414
North,Gillnets,winter,large,a,37113.763995002
North,Gillnets,winter,large,a,53107.4810862186
North,Gillnets,winter,large,a,37222.0753304772
South,Gillnets,winter,large,a,11959.8498376895
South,Gillnets,winter,large,a,18637.2984188203
South,Gillnets,winter,large,a,22864.3752571065
South,Gillnets,winter,large,a,24105.6297605916
South,Gillnets,winter,large,a,28228.2174456488
South,Gillnets,winter,large,a,22559.5229344351
South,Gillnets,winter,large,a,14867.4175906979
South,Gillnets,winter,large,a,17249.6003798316
South,Gillnets,winter,large,a,30637.9605981406
South,Gillnets,winter,large,a,23866.1613563358
North,Longlines,winter,large,a,6346.75847528385
North,Longlines,winter,large,a,6694.62733188784
North,Longlines,winter,large,a,7530.67072282517
North,Longlines,winter,large,a,12426.2974788977
North,Longlines,winter,large,a,7991.98991288246
North,Longlines,winter,large,a,8343.00209695721
North,Longlines,winter,large,a,8797.74532325799
North,Longlines,winter,large,a,9440.44262833376
North,Longlines,winter,large,a,9370.68975710281
North,Longlines,winter,large,a,10144.1694349615
South,Longlines,winter,large,a,8054.78237013933
South,Longlines,winter,large,a,12159.445227729
South,Longlines,winter,large,a,9546.03183662766
South,Longlines,winter,large,a,5413.58885742991
South,Longlines,winter,large,a,7802.89681021259
South,Longlines,winter,large,a,9165.03647387467
South,Longlines,winter,large,a,11335.1234832526
South,Longlines,winter,large,a,7000.06825320916
South,Longlines,winter,large,a,12306.7666413148
South,Longlines,winter,large,a,9674.24402424734
North,Trawlers,winter,large,a,6589.72458572319
North,Trawlers,winter,large,a,6225.40678268808
North,Trawlers,winter,large,a,5251.56230647544
North,Trawlers,winter,large,a,5523.10690130604
North,Trawlers,winter,large,a,5787.4967952861
North,Trawlers,winter,large,a,5630.91304654144
North,Trawlers,winter,large,a,5264.20424419791
North,Trawlers,winter,large,a,6210.61791980134
North,Trawlers,winter,large,a,6897.29500554419
North,Trawlers,winter,large,a,9451.08268774078
South,Trawlers,winter,large,a,6615.53329435999
South,Trawlers,winter,large,a,5944.94909901555
South,Trawlers,winter,large,a,5657.36348036487
South,Trawlers,winter,large,a,4952.56664003359
South,Trawlers,winter,large,a,5762.51713592821
South,Trawlers,winter,large,a,5204.86776034966
South,Trawlers,winter,large,a,6588.11674312943
South,Trawlers,winter,large,a,6689.67614853597
South,Trawlers,winter,large,a,7481.26181899515
South,Trawlers,winter,large,a,7947.99005998538
North,Gillnets,spring,large,a,125973.085478934
North,Gillnets,spring,large,a,119348.740316918
North,Gillnets,spring,large,a,107426.547574411
North,Gillnets,spring,large,a,139525.405344065
North,Gillnets,spring,large,a,138956.592581851
North,Gillnets,spring,large,a,110344.847845063
North,Gillnets,spring,large,a,119620.240345634
North,Gillnets,spring,large,a,122049.12714434
North,Gillnets,spring,large,a,79810.7462417486
North,Gillnets,spring,large,a,112208.578709243
South,Gillnets,spring,large,a,60543.1413904674
South,Gillnets,spring,large,a,39470.1366856252
South,Gillnets,spring,large,a,40785.4968498086
South,Gillnets,spring,large,a,69050.26020163
South,Gillnets,spring,large,a,44087.4520629988
South,Gillnets,spring,large,a,46227.5764135835
South,Gillnets,spring,large,a,67606.9781286213
South,Gillnets,spring,large,a,78186.030596046
South,Gillnets,spring,large,a,71415.6596906111
South,Gillnets,spring,large,a,49513.4834252113
North,Longlines,spring,large,a,19406.6250404034
North,Longlines,spring,large,a,23522.3313873939
North,Longlines,spring,large,a,20171.9800756579
North,Longlines,spring,large,a,13449.330106034
North,Longlines,spring,large,a,17988.5818859849
North,Longlines,spring,large,a,19052.6302150741
North,Longlines,spring,large,a,25500.1009906743
North,Longlines,spring,large,a,21452.5618144289
North,Longlines,spring,large,a,28771.9371830487
North,Longlines,spring,large,a,24925.3472709301
South,Longlines,spring,large,a,14758.3316362812
South,Longlines,spring,large,a,20533.8314706428
South,Longlines,spring,large,a,25875.9374168296
South,Longlines,spring,large,a,21187.6387219443
South,Longlines,spring,large,a,25190.7255444475
South,Longlines,spring,large,a,17079.3817771221
South,Longlines,spring,large,a,22795.1670366963
South,Longlines,spring,large,a,16070.3100803594
South,Longlines,spring,large,a,25219.2940338433
South,Longlines,spring,large,a,23515.3328741437
North,Trawlers,spring,large,a,8445.28722688568
North,Trawlers,spring,large,a,9397.56008993621
North,Trawlers,spring,large,a,10488.7348767312
North,Trawlers,spring,large,a,8909.08368169043
North,Trawlers,spring,large,a,6821.95232263199
North,Trawlers,spring,large,a,8382.28735892808
North,Trawlers,spring,large,a,6960.55956597107
North,Trawlers,spring,large,a,9217.21805647183
North,Trawlers,spring,large,a,7730.43673498666
North,Trawlers,spring,large,a,7242.77562647786
South,Trawlers,spring,large,a,8040.69166295315
South,Trawlers,spring,large,a,8273.9677495183
South,Trawlers,spring,large,a,5979.06296765341
South,Trawlers,spring,large,a,5778.46798689506
South,Trawlers,spring,large,a,7054.28935071138
South,Trawlers,spring,large,a,6838.57207069361
South,Trawlers,spring,large,a,10593.808239783
South,Trawlers,spring,large,a,4042.62654434132
South,Trawlers,spring,large,a,5455.83548330525
South,Trawlers,spring,large,a,4853.62432736432
North,Gillnets,summer,large,a,71226.1634164359
North,Gillnets,summer,large,a,31839.5804828572
North,Gillnets,summer,large,a,70675.5858755511
North,Gillnets,summer,large,a,47459.7969183422
North,Gillnets,summer,large,a,35155.9734510101
North,Gillnets,summer,large,a,57378.3322921854
North,Gillnets,summer,large,a,47092.3058464529
North,Gillnets,summer,large,a,53452.9355995308
North,Gillnets,summer,large,a,38102.7119428559
North,Gillnets,summer,large,a,65371.5946934528
South,Gillnets,summer,large,a,37674.57345676
South,Gillnets,summer,large,a,28702.1332677021
South,Gillnets,summer,large,a,21604.6493107119
South,Gillnets,summer,large,a,44947.3245319342
South,Gillnets,summer,large,a,43011.103334487
South,Gillnets,summer,large,a,31698.7366075192
South,Gillnets,summer,large,a,29767.6398003467
South,Gillnets,summer,large,a,24661.7782547751
South,Gillnets,summer,large,a,20989.9295247855
South,Gillnets,summer,large,a,26496.5313950832
North,Longlines,summer,large,a,21384.0071979545
North,Longlines,summer,large,a,24144.9794315957
North,Longlines,summer,large,a,18131.9475210457
North,Longlines,summer,large,a,16786.4399917502
North,Longlines,summer,large,a,21629.2863244838
North,Longlines,summer,large,a,18485.1744046342
North,Longlines,summer,large,a,20615.8591610991
North,Longlines,summer,large,a,17020.468215586
North,Longlines,summer,large,a,20777.9599323716
North,Longlines,summer,large,a,12760.734688836
South,Longlines,summer,large,a,24651.5460674063
South,Longlines,summer,large,a,23533.5490408336
South,Longlines,summer,large,a,20090.2802138419
South,Longlines,summer,large,a,19256.1582215586
South,Longlines,summer,large,a,22072.6486247663
South,Longlines,summer,large,a,20236.4588129116
South,Longlines,summer,large,a,23952.1143022043
South,Longlines,summer,large,a,19821.6485490814
South,Longlines,summer,large,a,14095.1033451732
South,Longlines,summer,large,a,20608.9488985274
North,Trawlers,summer,large,a,3049.79749465154
North,Trawlers,summer,large,a,4901.26293293041
North,Trawlers,summer,large,a,5526.90854449742
North,Trawlers,summer,large,a,5051.99493764483
North,Trawlers,summer,large,a,5802.87134574876
North,Trawlers,summer,large,a,6115.48420766282
North,Trawlers,summer,large,a,4378.91353720243
North,Trawlers,summer,large,a,6385.4304119691
North,Trawlers,summer,large,a,4523.26434463076
North,Trawlers,summer,large,a,5421.58685565885
South,Trawlers,summer,large,a,4694.02834228771
South,Trawlers,summer,large,a,5165.32056091987
South,Trawlers,summer,large,a,3896.38695191626
South,Trawlers,summer,large,a,3793.93980584244
South,Trawlers,summer,large,a,7161.30440692326
South,Trawlers,summer,large,a,5735.5189755521
South,Trawlers,summer,large,a,4195.62741048994
South,Trawlers,summer,large,a,3598.77329161224
South,Trawlers,summer,large,a,4096.60289721779
South,Trawlers,summer,large,a,4147.72008722726
North,Gillnets,fall,large,a,32288.9634885855
North,Gillnets,fall,large,a,41595.0526227962
North,Gillnets,fall,large,a,33842.1208824658
North,Gillnets,fall,large,a,58648.0018479995
North,Gillnets,fall,large,a,54340.2695149444
North,Gillnets,fall,large,a,66881.5592833434
North,Gillnets,fall,large,a,53547.1040355075
North,Gillnets,fall,large,a,49066.9308697137
North,Gillnets,fall,large,a,56267.5715713773
North,Gillnets,fall,large,a,50210.3687271748
South,Gillnets,fall,large,a,22666.1649555097
South,Gillnets,fall,large,a,27100.873368761
South,Gillnets,fall,large,a,32203.0757972555
South,Gillnets,fall,large,a,21291.0870486992
South,Gillnets,fall,large,a,23857.6866180687
South,Gillnets,fall,large,a,20974.1169723299
South,Gillnets,fall,large,a,28081.7279281874
South,Gillnets,fall,large,a,35182.0198282972
South,Gillnets,fall,large,a,21003.1408105977
South,Gillnets,fall,large,a,33179.3820236539
North,Longlines,fall,large,a,12182.6004277702
North,Longlines,fall,large,a,11667.4495019254
North,Longlines,fall,large,a,13338.536044977
North,Longlines,fall,large,a,8131.27798959724
North,Longlines,fall,large,a,10471.560582452
North,Longlines,fall,large,a,8768.65368540864
North,Longlines,fall,large,a,11323.8355732158
North,Longlines,fall,large,a,11599.7770218362
North,Longlines,fall,large,a,9033.93866278868
North,Longlines,fall,large,a,12442.5674978763
South,Longlines,fall,large,a,12508.7061841062
South,Longlines,fall,large,a,9848.65345066308
South,Longlines,fall,large,a,12394.4173265278
South,Longlines,fall,large,a,8460.20120211448
South,Longlines,fall,large,a,11726.27437007
South,Longlines,fall,large,a,15438.0405629707
South,Longlines,fall,large,a,12255.0628861417
South,Longlines,fall,large,a,12471.3945985609
South,Longlines,fall,large,a,8640.17244280736
South,Longlines,fall,large,a,9160.83205802386
North,Trawlers,fall,large,a,7414.83058802366
North,Trawlers,fall,large,a,5603.43722632108
North,Trawlers,fall,large,a,8372.7981452326
North,Trawlers,fall,large,a,8492.85299294079
North,Trawlers,fall,large,a,9246.42403777137
North,Trawlers,fall,large,a,7913.4379398407
North,Trawlers,fall,large,a,7234.39350537469
North,Trawlers,fall,large,a,6448.57909830905
North,Trawlers,fall,large,a,7744.5717504443
North,Trawlers,fall,large,a,5643.0518408553
South,Trawlers,fall,large,a,5731.24665006965
South,Trawlers,fall,large,a,6940.55968450415
South,Trawlers,fall,large,a,5581.47504358059
South,Trawlers,fall,large,a,8132.02663104171
South,Trawlers,fall,large,a,6378.30360149079
South,Trawlers,fall,large,a,6196.41553689411
South,Trawlers,fall,large,a,5266.17534557684
South,Trawlers,fall,large,a,6069.53644520066
South,Trawlers,fall,large,a,7443.93077585011
South,Trawlers,fall,large,a,7875.3717864366
North,Gillnets,winter,small,b,55424.1240932019
North,Gillnets,winter,small,b,34111.3900252996
North,Gillnets,winter,small,b,42337.2097462345
North,Gillnets,winter,small,b,61408.9728656431
North,Gillnets,winter,small,b,49416.688300667
North,Gillnets,winter,small,b,36820.1654312116
North,Gillnets,winter,small,b,55875.0560049003
North,Gillnets,winter,small,b,57359.2459948103
North,Gillnets,winter,small,b,50217.6927664464
North,Gillnets,winter,small,b,33231.5566951142
South,Gillnets,winter,small,b,25531.4628528746
South,Gillnets,winter,small,b,14628.5916400808
South,Gillnets,winter,small,b,30895.8135107648
South,Gillnets,winter,small,b,16462.4779567219
South,Gillnets,winter,small,b,19769.6060594581
South,Gillnets,winter,small,b,12593.0710521048
South,Gillnets,winter,small,b,32489.7690468683
South,Gillnets,winter,small,b,20795.07266284
South,Gillnets,winter,small,b,24997.103743099
South,Gillnets,winter,small,b,20111.1187259694
North,Longlines,winter,small,b,11309.8146210984
North,Longlines,winter,small,b,11631.2593960101
North,Longlines,winter,small,b,9426.03688830017
North,Longlines,winter,small,b,11341.1433645393
North,Longlines,winter,small,b,8026.68821735801
North,Longlines,winter,small,b,8900.96544551834
North,Longlines,winter,small,b,9426.22706559501
North,Longlines,winter,small,b,11632.3671513662
North,Longlines,winter,small,b,11514.9368413917
North,Longlines,winter,small,b,8903.12961789605
South,Longlines,winter,small,b,12105.9886484
South,Longlines,winter,small,b,8054.96611627297
South,Longlines,winter,small,b,10695.5245948413
South,Longlines,winter,small,b,7929.32944294459
South,Longlines,winter,small,b,7572.91907809577
South,Longlines,winter,small,b,9526.34038072413
South,Longlines,winter,small,b,8679.53157028175
South,Longlines,winter,small,b,10184.5749822182
South,Longlines,winter,small,b,8307.23048241308
South,Longlines,winter,small,b,10457.528819258
North,Trawlers,winter,small,b,8278.2547079515
North,Trawlers,winter,small,b,4066.12078015509
North,Trawlers,winter,small,b,6710.52394917196
North,Trawlers,winter,small,b,6227.83280997758
North,Trawlers,winter,small,b,8864.43171109175
North,Trawlers,winter,small,b,6861.67493211092
North,Trawlers,winter,small,b,5610.50669871499
North,Trawlers,winter,small,b,8165.00083508717
North,Trawlers,winter,small,b,6354.85173965495
North,Trawlers,winter,small,b,6507.88920944042
South,Trawlers,winter,small,b,6741.37739122943
South,Trawlers,winter,small,b,6768.12553142928
South,Trawlers,winter,small,b,5733.30609256011
South,Trawlers,winter,small,b,5078.20353007807
South,Trawlers,winter,small,b,7917.56358957811
South,Trawlers,winter,small,b,5168.34208759887
South,Trawlers,winter,small,b,5269.89866620999
South,Trawlers,winter,small,b,5139.71853301612
South,Trawlers,winter,small,b,6341.54461904757
South,Trawlers,winter,small,b,6611.91481483455
North,Gillnets,spring,small,b,73499.7585947754
North,Gillnets,spring,small,b,136019.562166589
North,Gillnets,spring,small,b,103944.63047615
North,Gillnets,spring,small,b,147042.067394137
North,Gillnets,spring,small,b,126306.101942308
North,Gillnets,spring,small,b,119805.299229262
North,Gillnets,spring,small,b,114724.427654738
North,Gillnets,spring,small,b,108583.489418653
North,Gillnets,spring,small,b,124432.15653633
North,Gillnets,spring,small,b,94524.6118658578
South,Gillnets,spring,small,b,45380.3147524327
South,Gillnets,spring,small,b,59329.0617593137
South,Gillnets,spring,small,b,46986.0644735742
South,Gillnets,spring,small,b,55183.9254171937
South,Gillnets,spring,small,b,50458.7128276696
South,Gillnets,spring,small,b,74167.1613527655
South,Gillnets,spring,small,b,59131.5472977158
South,Gillnets,spring,small,b,47692.8841047598
South,Gillnets,spring,small,b,56473.107012176
South,Gillnets,spring,small,b,61237.1782719238
North,Longlines,spring,small,b,18069.6072395834
North,Longlines,spring,small,b,20210.2472068074
North,Longlines,spring,small,b,19508.370163502
North,Longlines,spring,small,b,17104.1263967595
North,Longlines,spring,small,b,20295.0949599323
North,Longlines,spring,small,b,26884.2290503653
North,Longlines,spring,small,b,18532.6048455383
North,Longlines,spring,small,b,15301.0870637463
North,Longlines,spring,small,b,21220.5587434711
North,Longlines,spring,small,b,22052.8824080398
South,Longlines,spring,small,b,22439.0125000016
South,Longlines,spring,small,b,17619.7798914013
South,Longlines,spring,small,b,17868.2867931796
South,Longlines,spring,small,b,12005.0300943483
South,Longlines,spring,small,b,24344.7821528278
South,Longlines,spring,small,b,18879.0333609931
South,Longlines,spring,small,b,20509.9306910965
South,Longlines,spring,small,b,16369.8434051263
South,Longlines,spring,small,b,20527.4913381889
South,Longlines,spring,small,b,18511.6064393436
North,Trawlers,spring,small,b,8246.20179352967
North,Trawlers,spring,small,b,6881.81414446072
North,Trawlers,spring,small,b,8546.0973839942
North,Trawlers,spring,small,b,5759.4409060357
North,Trawlers,spring,small,b,8293.46985943728
North,Trawlers,spring,small,b,9445.1078817209
North,Trawlers,spring,small,b,5299.61476711592
North,Trawlers,spring,small,b,7897.87636056582
North,Trawlers,spring,small,b,6140.59295217996
North,Trawlers,spring,small,b,5862.49950845108
South,Trawlers,spring,small,b,8114.21916969237
South,Trawlers,spring,small,b,5515.58103078872
South,Trawlers,spring,small,b,6869.57318037894
South,Trawlers,spring,small,b,7163.4927717987
South,Trawlers,spring,small,b,8294.47669574821
South,Trawlers,spring,small,b,8910.16605338891
South,Trawlers,spring,small,b,7496.49505489606
South,Trawlers,spring,small,b,7798.46451810735
South,Trawlers,spring,small,b,8121.50254126715
South,Trawlers,spring,small,b,6329.02708978988
North,Gillnets,summer,small,b,43231.4129814405
North,Gillnets,summer,small,b,56576.4063444801
North,Gillnets,summer,small,b,49525.8943994689
North,Gillnets,summer,small,b,55156.0809638519
North,Gillnets,summer,small,b,65471.1639976638
North,Gillnets,summer,small,b,67527.342196325
North,Gillnets,summer,small,b,56475.3223571811
North,Gillnets,summer,small,b,55331.0747691865
North,Gillnets,summer,small,b,41423.7665033742
North,Gillnets,summer,small,b,50399.630747171
South,Gillnets,summer,small,b,25802.6472395488
South,Gillnets,summer,small,b,24439.0141047966
South,Gillnets,summer,small,b,19396.6479712778
South,Gillnets,summer,small,b,30518.4392520788
South,Gillnets,summer,small,b,34179.3837855129
South,Gillnets,summer,small,b,21733.5377622161
South,Gillnets,summer,small,b,31408.3977006217
South,Gillnets,summer,small,b,16646.5096003835
South,Gillnets,summer,small,b,35311.1326774893
South,Gillnets,summer,small,b,46279.8286683943
North,Longlines,summer,small,b,21541.213237604
North,Longlines,summer,small,b,15109.0485407774
North,Longlines,summer,small,b,22103.5898931585
North,Longlines,summer,small,b,22913.3111940447
North,Longlines,summer,small,b,18731.2626797066
North,Longlines,summer,small,b,24670.3484063164
North,Longlines,summer,small,b,34555.9270806645
North,Longlines,summer,small,b,20743.4820950271
North,Longlines,summer,small,b,16702.2859452219
North,Longlines,summer,small,b,28316.0647025586
South,Longlines,summer,small,b,20959.7241274994
South,Longlines,summer,small,b,18685.4303233357
South,Longlines,summer,small,b,22117.6102480783
South,Longlines,summer,small,b,20087.085660776
South,Longlines,summer,small,b,17128.9944723472
South,Longlines,summer,small,b,24130.817118097
South,Longlines,summer,small,b,17505.2223849141
South,Longlines,summer,small,b,22899.16700608
South,Longlines,summer,small,b,23498.3632397593
South,Longlines,summer,small,b,18322.3100065562
North,Trawlers,summer,small,b,6611.70356005478
North,Trawlers,summer,small,b,4922.04828655328
North,Trawlers,summer,small,b,5661.19218393833
North,Trawlers,summer,small,b,4301.63177590517
North,Trawlers,summer,small,b,3735.02967559415
North,Trawlers,summer,small,b,6234.10408477615
North,Trawlers,summer,small,b,2782.75911585315
North,Trawlers,summer,small,b,3401.70406080672
North,Trawlers,summer,small,b,6781.11762146665
North,Trawlers,summer,small,b,5918.0097491837
South,Trawlers,summer,small,b,4077.58781579749
South,Trawlers,summer,small,b,3861.65061857065
South,Trawlers,summer,small,b,4926.52188231973
South,Trawlers,summer,small,b,4276.98634972641
South,Trawlers,summer,small,b,4661.28562336112
South,Trawlers,summer,small,b,5160.92937384267
South,Trawlers,summer,small,b,5195.96319606209
South,Trawlers,summer,small,b,4729.02781445982
South,Trawlers,summer,small,b,3147.90194998803
South,Trawlers,summer,small,b,3410.90154023932
North,Gillnets,fall,small,b,70684.5049610799
North,Gillnets,fall,small,b,54805.2076543761
North,Gillnets,fall,small,b,54730.2675869718
North,Gillnets,fall,small,b,60895.9251017389
North,Gillnets,fall,small,b,46821.4773677455
North,Gillnets,fall,small,b,50203.8582053421
North,Gillnets,fall,small,b,66405.419885448
North,Gillnets,fall,small,b,54841.3704345353
North,Gillnets,fall,small,b,55577.7935981607
North,Gillnets,fall,small,b,51215.6873322652
South,Gillnets,fall,small,b,24370.0417381372
South,Gillnets,fall,small,b,32381.6566104181
South,Gillnets,fall,small,b,34017.0782859071
South,Gillnets,fall,small,b,25672.5737137473
South,Gillnets,fall,small,b,21396.7555893343
South,Gillnets,fall,small,b,31815.6581540774
South,Gillnets,fall,small,b,26607.6683758055
South,Gillnets,fall,small,b,33142.0099303248
South,Gillnets,fall,small,b,23676.9406268341
South,Gillnets,fall,small,b,25788.1873319126
North,Longlines,fall,small,b,14789.813205156
North,Longlines,fall,small,b,11170.376445084
North,Longlines,fall,small,b,13589.9325550631
North,Longlines,fall,small,b,11835.686524821
North,Longlines,fall,small,b,10492.9576359729
North,Longlines,fall,small,b,12074.4418266908
North,Longlines,fall,small,b,15336.7398063538
North,Longlines,fall,small,b,11931.3169934787
North,Longlines,fall,small,b,12200.5286068599
North,Longlines,fall,small,b,8126.8780878558
South,Longlines,fall,small,b,10473.5702306301
South,Longlines,fall,small,b,15742.1200870951
South,Longlines,fall,small,b,12344.9092313776
South,Longlines,fall,small,b,9525.77369468424
South,Longlines,fall,small,b,7557.0091161943
South,Longlines,fall,small,b,14105.3728696215
South,Longlines,fall,small,b,11991.6619627137
South,Longlines,fall,small,b,7025.39540486221
South,Longlines,fall,small,b,10516.7080606827
South,Longlines,fall,small,b,12443.8745318485
North,Trawlers,fall,small,b,7051.028521181
North,Trawlers,fall,small,b,5585.90077988046
North,Trawlers,fall,small,b,6026.05777151161
North,Trawlers,fall,small,b,5669.66358449943
North,Trawlers,fall,small,b,6219.98573553777
North,Trawlers,fall,small,b,6620.94459624293
North,Trawlers,fall,small,b,7478.54170257919
North,Trawlers,fall,small,b,7685.80353664601
North,Trawlers,fall,small,b,8948.31444142448
North,Trawlers,fall,small,b,7922.34920413594
South,Trawlers,fall,small,b,5101.94321757286
South,Trawlers,fall,small,b,6426.2135025916
South,Trawlers,fall,small,b,5869.20855281113
South,Trawlers,fall,small,b,4567.73576041293
South,Trawlers,fall,small,b,5837.73221216122
South,Trawlers,fall,small,b,8083.40755741216
South,Trawlers,fall,small,b,6188.19407521548
South,Trawlers,fall,small,b,7958.24888014339
South,Trawlers,fall,small,b,6724.98623305066
South,Trawlers,fall,small,b,6632.80866896522
North,Gillnets,winter,large,b,43647.7535493102
North,Gillnets,winter,large,b,34925.2766316434
North,Gillnets,winter,large,b,44961.7987424262
North,Gillnets,winter,large,b,57420.276595262
North,Gillnets,winter,large,b,37651.4116111333
North,Gillnets,winter,large,b,38352.3199003984
North,Gillnets,winter,large,b,68038.6324059493
North,Gillnets,winter,large,b,46974.6325010383
North,Gillnets,winter,large,b,43854.812451568
North,Gillnets,winter,large,b,30781.0379613971
South,Gillnets,winter,large,b,22784.6806063456
South,Gillnets,winter,large,b,25283.9563108942
South,Gillnets,winter,large,b,21650.1638762435
South,Gillnets,winter,large,b,22891.4244746111
South,Gillnets,winter,large,b,19843.2996804929
South,Gillnets,winter,large,b,26294.7044706181
South,Gillnets,winter,large,b,28781.742616485
South,Gillnets,winter,large,b,19304.5480751344
South,Gillnets,winter,large,b,26938.6449233813
South,Gillnets,winter,large,b,25468.1928272411
North,Longlines,winter,large,b,14635.7765219019
North,Longlines,winter,large,b,11998.6191195143
North,Longlines,winter,large,b,10747.9588989183
North,Longlines,winter,large,b,7954.89836005711
North,Longlines,winter,large,b,8519.64322312894
North,Longlines,winter,large,b,9150.476757126
North,Longlines,winter,large,b,13640.2575499367
North,Longlines,winter,large,b,8614.09187149725
North,Longlines,winter,large,b,8414.23427180408
North,Longlines,winter,large,b,10476.4770464362
South,Longlines,winter,large,b,8473.19635435414
South,Longlines,winter,large,b,6887.64237915959
South,Longlines,winter,large,b,7368.00405959049
South,Longlines,winter,large,b,12943.188303591
South,Longlines,winter,large,b,12081.7479034378
South,Longlines,winter,large,b,9618.7285190211
South,Longlines,winter,large,b,7560.7525197678
South,Longlines,winter,large,b,10548.0988458598
South,Longlines,winter,large,b,8163.19817467067
South,Longlines,winter,large,b,10060.8388540155
North,Trawlers,winter,large,b,8220.99583103231
North,Trawlers,winter,large,b,4992.89061628284
North,Trawlers,winter,large,b,6609.62434528618
North,Trawlers,winter,large,b,5886.17969980222
North,Trawlers,winter,large,b,8169.12225807016
North,Trawlers,winter,large,b,8947.73090109703
North,Trawlers,winter,large,b,5785.34920363325
North,Trawlers,winter,large,b,8281.12456611353
North,Trawlers,winter,large,b,6647.37320511018
North,Trawlers,winter,large,b,6833.57557038064
South,Trawlers,winter,large,b,5254.29937080387
South,Trawlers,winter,large,b,7323.41782035399
South,Trawlers,winter,large,b,7443.8551594196
South,Trawlers,winter,large,b,10209.6822712365
South,Trawlers,winter,large,b,7367.43988857473
South,Trawlers,winter,large,b,7846.51148783551
South,Trawlers,winter,large,b,8451.16009497933
South,Trawlers,winter,large,b,5642.9121760824
South,Trawlers,winter,large,b,7499.67483616462
South,Trawlers,winter,large,b,6395.2478423248
North,Gillnets,spring,large,b,86458.0640728726
North,Gillnets,spring,large,b,105076.989025065
North,Gillnets,spring,large,b,127323.895823664
North,Gillnets,spring,large,b,111246.021560544
North,Gillnets,spring,large,b,96553.7024656987
North,Gillnets,spring,large,b,99299.6781375648
North,Gillnets,spring,large,b,104849.837787778
North,Gillnets,spring,large,b,99575.7835713543
North,Gillnets,spring,large,b,90058.9000688669
North,Gillnets,spring,large,b,133099.660630188
South,Gillnets,spring,large,b,60571.6728518203
South,Gillnets,spring,large,b,58556.8296024875
South,Gillnets,spring,large,b,62798.6350401143
South,Gillnets,spring,large,b,55775.1810494881
South,Gillnets,spring,large,b,61063.4853309199
South,Gillnets,spring,large,b,50839.0566201755
South,Gillnets,spring,large,b,66270.9856691306
South,Gillnets,spring,large,b,52038.5172999678
South,Gillnets,spring,large,b,46926.8187897187
South,Gillnets,spring,large,b,74894.8848980069
North,Longlines,spring,large,b,12960.9621791545
North,Longlines,spring,large,b,26781.0994935993
North,Longlines,spring,large,b,14802.1512650824
North,Longlines,spring,large,b,24735.6363874261
North,Longlines,spring,large,b,15844.8184885917
North,Longlines,spring,large,b,14771.7967261674
North,Longlines,spring,large,b,25355.4226432749
North,Longlines,spring,large,b,21978.9106899153
North,Longlines,spring,large,b,21733.8609662744
North,Longlines,spring,large,b,19312.9971027704
South,Longlines,spring,large,b,18548.8097581425
South,Longlines,spring,large,b,25010.0761817582
South,Longlines,spring,large,b,20794.0430087801
South,Longlines,spring,large,b,20482.6967972436
South,Longlines,spring,large,b,20642.2736456468
South,Longlines,spring,large,b,21850.3799430387
South,Longlines,spring,large,b,23863.480998592
South,Longlines,spring,large,b,24305.5737165215
South,Longlines,spring,large,b,18203.5592055181
South,Longlines,spring,large,b,20807.1180608719
North,Trawlers,spring,large,b,7360.99838225452
North,Trawlers,spring,large,b,5281.10480954744
North,Trawlers,spring,large,b,5939.43665979137
North,Trawlers,spring,large,b,5697.08713033467
North,Trawlers,spring,large,b,11686.6549572618
North,Trawlers,spring,large,b,8999.04802511233
North,Trawlers,spring,large,b,3588.95971937502
North,Trawlers,spring,large,b,6847.68376644097
North,Trawlers,spring,large,b,3968.44759730508
North,Trawlers,spring,large,b,7705.88581441262
South,Trawlers,spring,large,b,4742.90332861319
South,Trawlers,spring,large,b,6858.14890020816
South,Trawlers,spring,large,b,7089.27590715952
South,Trawlers,spring,large,b,7967.4806629618
South,Trawlers,spring,large,b,5408.96897112888
South,Trawlers,spring,large,b,7250.78303145041
South,Trawlers,spring,large,b,6116.5600672368
South,Trawlers,spring,large,b,5890.52771808996
South,Trawlers,spring,large,b,4064.93312879609
South,Trawlers,spring,large,b,5842.38494362051
North,Gillnets,summer,large,b,60961.9275559176
North,Gillnets,summer,large,b,83045.9579308738
North,Gillnets,summer,large,b,59783.7148632024
North,Gillnets,summer,large,b,77203.9313381191
North,Gillnets,summer,large,b,45047.1703423902
North,Gillnets,summer,large,b,54243.9516341869
North,Gillnets,summer,large,b,45047.6261751272
North,Gillnets,summer,large,b,61897.4376851349
North,Gillnets,summer,large,b,51951.2965351029
North,Gillnets,summer,large,b,64695.3935574302
South,Gillnets,summer,large,b,25455.3844251969
South,Gillnets,summer,large,b,27100.3542879593
South,Gillnets,summer,large,b,31567.3793606932
South,Gillnets,summer,large,b,34594.1334496299
South,Gillnets,summer,large,b,19055.1643874112
South,Gillnets,summer,large,b,30922.7468054255
South,Gillnets,summer,large,b,26225.7917692287
South,Gillnets,summer,large,b,24675.5997072868
South,Gillnets,summer,large,b,25154.575063074
South,Gillnets,summer,large,b,15518.7139769137
North,Longlines,summer,large,b,18516.6908951632
North,Longlines,summer,large,b,17263.4324291723
North,Longlines,summer,large,b,21879.5185017646
North,Longlines,summer,large,b,16276.5527253551
North,Longlines,summer,large,b,18240.157219375
North,Longlines,summer,large,b,15377.6430510962
North,Longlines,summer,large,b,19468.1431776209
North,Longlines,summer,large,b,21840.2825747493
North,Longlines,summer,large,b,19716.3973116217
North,Longlines,summer,large,b,18568.9244816493
South,Longlines,summer,large,b,18929.4437547258
South,Longlines,summer,large,b,16746.9843976331
South,Longlines,summer,large,b,23936.7270498903
South,Longlines,summer,large,b,24754.5936022297
South,Longlines,summer,large,b,30715.7150924314
South,Longlines,summer,large,b,19117.3063005106
South,Longlines,summer,large,b,29987.1113112386
South,Longlines,summer,large,b,22387.0274572889
South,Longlines,summer,large,b,19498.8506343842
South,Longlines,summer,large,b,24888.3448299372
North,Trawlers,summer,large,b,5705.73808688943
North,Trawlers,summer,large,b,3784.08867305547
North,Trawlers,summer,large,b,5460.74776036617
North,Trawlers,summer,large,b,5174.94790087805
North,Trawlers,summer,large,b,4470.68213628646
North,Trawlers,summer,large,b,4303.27535260414
North,Trawlers,summer,large,b,4967.55816907658
North,Trawlers,summer,large,b,4992.10131563279
North,Trawlers,summer,large,b,4306.14175535236
North,Trawlers,summer,large,b,4655.17303810699
South,Trawlers,summer,large,b,4374.08978008672
South,Trawlers,summer,large,b,3583.43709818319
South,Trawlers,summer,large,b,3501.54687591746
South,Trawlers,summer,large,b,4883.80102698284
South,Trawlers,summer,large,b,5015.06059857821
South,Trawlers,summer,large,b,5364.55599113117
South,Trawlers,summer,large,b,7250.6899984706
South,Trawlers,summer,large,b,3621.4189559532
South,Trawlers,summer,large,b,4929.05240164063
South,Trawlers,summer,large,b,7030.83406592119
North,Gillnets,fall,large,b,72734.9106227569
North,Gillnets,fall,large,b,60446.9531184868
North,Gillnets,fall,large,b,49456.2552287388
North,Gillnets,fall,large,b,45000.391929736
North,Gillnets,fall,large,b,69660.7468609059
North,Gillnets,fall,large,b,63202.2249984591
North,Gillnets,fall,large,b,58188.4821175176
North,Gillnets,fall,large,b,78926.459197073
North,Gillnets,fall,large,b,56771.3463752999
North,Gillnets,fall,large,b,57085.1454985312
South,Gillnets,fall,large,b,20069.6890727726
South,Gillnets,fall,large,b,32477.8493204164
South,Gillnets,fall,large,b,36068.2673060105
South,Gillnets,fall,large,b,32704.1570269189
South,Gillnets,fall,large,b,17848.3701505751
South,Gillnets,fall,large,b,22828.5809098392
South,Gillnets,fall,large,b,23033.8790096651
South,Gillnets,fall,large,b,28475.2821607717
South,Gillnets,fall,large,b,33381.3415663184
South,Gillnets,fall,large,b,33069.4213118853
North,Longlines,fall,large,b,11640.2119094081
North,Longlines,fall,large,b,11728.3606112277
North,Longlines,fall,large,b,9320.82029475935
North,Longlines,fall,large,b,14861.1805209992
North,Longlines,fall,large,b,10430.7851522906
North,Longlines,fall,large,b,7972.33943999045
North,Longlines,fall,large,b,7733.64655568149
North,Longlines,fall,large,b,12763.9043079006
North,Longlines,fall,large,b,8385.09384831224
North,Longlines,fall,large,b,10943.9861713336
South,Longlines,fall,large,b,11268.4332569098
South,Longlines,fall,large,b,6761.27802517641
South,Longlines,fall,large,b,9242.88477545146
South,Longlines,fall,large,b,11121.3698255005
South,Longlines,fall,large,b,10280.617575793
South,Longlines,fall,large,b,11654.5009866384
South,Longlines,fall,large,b,10993.7591219082
South,Longlines,fall,large,b,14167.0844218225
South,Longlines,fall,large,b,11843.8225050655
South,Longlines,fall,large,b,13117.6854705134
North,Trawlers,fall,large,b,5440.99885123615
North,Trawlers,fall,large,b,8102.66384155515
North,Trawlers,fall,large,b,8842.17896747025
North,Trawlers,fall,large,b,7474.79803320882
North,Trawlers,fall,large,b,6424.77476595321
North,Trawlers,fall,large,b,6767.25355766247
North,Trawlers,fall,large,b,5756.23069515331
North,Trawlers,fall,large,b,6558.47793527781
North,Trawlers,fall,large,b,6252.88032455096
North,Trawlers,fall,large,b,9585.76905629709
South,Trawlers,fall,large,b,5752.47875525642
South,Trawlers,fall,large,b,7015.21809120672
South,Trawlers,fall,large,b,6468.90985383266
South,Trawlers,fall,large,b,3961.91933466374
South,Trawlers,fall,large,b,7453.62086077365
South,Trawlers,fall,large,b,5385.47561465629
South,Trawlers,fall,large,b,7871.82607798927
South,Trawlers,fall,large,b,7779.06287478746
South,Trawlers,fall,large,b,4466.10034622251
South,Trawlers,fall,large,b,6179.36029930156
North,Gillnets,winter,small,c,31958.6461401033
North,Gillnets,winter,small,c,41674.6808500272
North,Gillnets,winter,small,c,41422.3158022756
North,Gillnets,winter,small,c,40354.7199422036
North,Gillnets,winter,small,c,61993.0521113776
North,Gillnets,winter,small,c,67260.2434700861
North,Gillnets,winter,small,c,30840.7492591005
North,Gillnets,winter,small,c,30257.3891835715
North,Gillnets,winter,small,c,40946.5749324853
North,Gillnets,winter,small,c,61164.7615768694
South,Gillnets,winter,small,c,21843.6667341436
South,Gillnets,winter,small,c,17382.7138901346
South,Gillnets,winter,small,c,21772.941039279
South,Gillnets,winter,small,c,24233.6286080971
South,Gillnets,winter,small,c,23512.3400255157
South,Gillnets,winter,small,c,18164.2030250423
South,Gillnets,winter,small,c,16939.1075227185
South,Gillnets,winter,small,c,18509.1144907748
South,Gillnets,winter,small,c,34492.7002765987
South,Gillnets,winter,small,c,28076.710206335
North,Longlines,winter,small,c,9295.62949515739
North,Longlines,winter,small,c,10125.0861201149
North,Longlines,winter,small,c,11405.104226501
North,Longlines,winter,small,c,7147.51298931935
North,Longlines,winter,small,c,9596.30733192703
North,Longlines,winter,small,c,8345.52051498973
North,Longlines,winter,small,c,6103.09603176656
North,Longlines,winter,small,c,11284.8951223693
North,Longlines,winter,small,c,6807.18818442811
North,Longlines,winter,small,c,10618.4589215084
South,Longlines,winter,small,c,10403.8575429562
South,Longlines,winter,small,c,7321.81032701045
South,Longlines,winter,small,c,11677.4882347279
South,Longlines,winter,small,c,5216.40686910848
South,Longlines,winter,small,c,7970.23309048436
South,Longlines,winter,small,c,8152.80601325529
South,Longlines,winter,small,c,8866.11882933622
South,Longlines,winter,small,c,11175.0006765931
South,Longlines,winter,small,c,11540.414725472
South,Longlines,winter,small,c,9614.47445858647
North,Trawlers,winter,small,c,5828.34041815659
North,Trawlers,winter,small,c,8995.13493451141
North,Trawlers,winter,small,c,6177.99307226417
North,Trawlers,winter,small,c,10232.1842541876
North,Trawlers,winter,small,c,6850.90631832926
North,Trawlers,winter,small,c,5514.46239809038
North,Trawlers,winter,small,c,6198.40755564105
North,Trawlers,winter,small,c,8817.07268404954
North,Trawlers,winter,small,c,6594.14368943315
North,Trawlers,winter,small,c,5574.57490055932
South,Trawlers,winter,small,c,4487.09413878789
South,Trawlers,winter,small,c,6566.72516394685
South,Trawlers,winter,small,c,7092.67262365045
South,Trawlers,winter,small,c,6017.81822328827
South,Trawlers,winter,small,c,7986.46943577529
South,Trawlers,winter,small,c,7165.96403488074
South,Trawlers,winter,small,c,6292.92991956519
South,Trawlers,winter,small,c,5009.4396161362
South,Trawlers,winter,small,c,6167.20777726641
South,Trawlers,winter,small,c,5127.18896527587
North,Gillnets,spring,small,c,188012.089875502
North,Gillnets,spring,small,c,122018.398967223
North,Gillnets,spring,small,c,80140.8823674488
North,Gillnets,spring,small,c,101009.341322632
North,Gillnets,spring,small,c,122521.748604472
North,Gillnets,spring,small,c,74769.0455165483
North,Gillnets,spring,small,c,91915.6775734726
North,Gillnets,spring,small,c,139971.485490338
North,Gillnets,spring,small,c,101477.020982192
North,Gillnets,spring,small,c,88253.485749577
South,Gillnets,spring,small,c,46176.2400938156
South,Gillnets,spring,small,c,73159.548777313
South,Gillnets,spring,small,c,36580.493892628
South,Gillnets,spring,small,c,60879.561733039
South,Gillnets,spring,small,c,46439.2304658725
South,Gillnets,spring,small,c,52777.9368849311
South,Gillnets,spring,small,c,44534.1746523232
South,Gillnets,spring,small,c,35918.144901141
South,Gillnets,spring,small,c,59412.5728274553
South,Gillnets,spring,small,c,66605.3479320488
North,Longlines,spring,small,c,27561.0728404512
North,Longlines,spring,small,c,22453.9857007201
North,Longlines,spring,small,c,13742.6561239809
North,Longlines,spring,small,c,17876.452920603
North,Longlines,spring,small,c,17107.7372847891
North,Longlines,spring,small,c,34773.0317914873
North,Longlines,spring,small,c,21703.8502213235
North,Longlines,spring,small,c,27173.6980156945
North,Longlines,spring,small,c,20213.2831122019
North,Longlines,spring,small,c,19764.3728387539
South,Longlines,spring,small,c,26799.2601750468
South,Longlines,spring,small,c,16264.5056758437
South,Longlines,spring,small,c,22949.083752833
South,Longlines,spring,small,c,23236.5706302214
South,Longlines,spring,small,c,30947.1328073695
South,Longlines,spring,small,c,24539.9500150642
South,Longlines,spring,small,c,13393.1323953238
South,Longlines,spring,small,c,23388.1226107409
South,Longlines,spring,small,c,25360.6065386448
South,Longlines,spring,small,c,17069.9945633699
North,Trawlers,spring,small,c,5605.07073366838
North,Trawlers,spring,small,c,6760.19410429901
North,Trawlers,spring,small,c,7112.36363761649
North,Trawlers,spring,small,c,8525.89009454746
North,Trawlers,spring,small,c,6340.17805804782
North,Trawlers,spring,small,c,6494.86007003283
North,Trawlers,spring,small,c,10323.199122122
North,Trawlers,spring,small,c,7288.36556933358
North,Trawlers,spring,small,c,5263.98692652186
North,Trawlers,spring,small,c,8823.88523427102
South,Trawlers,spring,small,c,8511.219296338
South,Trawlers,spring,small,c,4559.82926584147
South,Trawlers,spring,small,c,10115.4995842697
South,Trawlers,spring,small,c,6502.705663897
South,Trawlers,spring,small,c,5580.89654435191
South,Trawlers,spring,small,c,6330.604732098
South,Trawlers,spring,small,c,8091.82451842561
South,Trawlers,spring,small,c,7191.71221801904
South,Trawlers,spring,small,c,5354.31022073013
South,Trawlers,spring,small,c,5403.49538130097
North,Gillnets,summer,small,c,36473.1149664534
North,Gillnets,summer,small,c,72593.9541847479
North,Gillnets,summer,small,c,80041.7410955618
North,Gillnets,summer,small,c,52480.6132973646
North,Gillnets,summer,small,c,53763.3070868805
North,Gillnets,summer,small,c,66239.9652317663
North,Gillnets,summer,small,c,69381.6150093763
North,Gillnets,summer,small,c,60593.0372150792
North,Gillnets,summer,small,c,75125.9395775743
North,Gillnets,summer,small,c,61301.7424089977
South,Gillnets,summer,small,c,28533.5015934466
South,Gillnets,summer,small,c,25480.7091151841
South,Gillnets,summer,small,c,25536.9341830907
South,Gillnets,summer,small,c,30945.2130232805
South,Gillnets,summer,small,c,23098.4540094767
South,Gillnets,summer,small,c,31844.343017316
South,Gillnets,summer,small,c,25668.8783269584
South,Gillnets,summer,small,c,30710.6349829403
South,Gillnets,summer,small,c,19615.6428069119
South,Gillnets,summer,small,c,26253.5577809245
North,Longlines,summer,small,c,27957.0215662448
North,Longlines,summer,small,c,22287.7358592314
North,Longlines,summer,small,c,27614.4256643475
North,Longlines,summer,small,c,23617.9989377288
North,Longlines,summer,small,c,29802.1687757681
North,Longlines,summer,small,c,21991.3257847397
North,Longlines,summer,small,c,12869.3384068617
North,Longlines,summer,small,c,9754.97046970779
North,Longlines,summer,small,c,24189.1706692358
North,Longlines,summer,small,c,30287.7811256525
South,Longlines,summer,small,c,21035.0008123712
South,Longlines,summer,small,c,14951.8019039302
South,Longlines,summer,small,c,25176.8687409619
South,Longlines,summer,small,c,21330.6710552481
South,Longlines,summer,small,c,27609.3687748366
South,Longlines,summer,small,c,30246.8689510201
South,Longlines,summer,small,c,12007.2594608891
South,Longlines,summer,small,c,13334.3167319633
South,Longlines,summer,small,c,23034.5851522845
South,Longlines,summer,small,c,23861.0100695067
North,Trawlers,summer,small,c,4445.12123706769
North,Trawlers,summer,small,c,5508.49860031191
North,Trawlers,summer,small,c,6466.41408827639
North,Trawlers,summer,small,c,5097.63728624237
North,Trawlers,summer,small,c,5564.02244922823
North,Trawlers,summer,small,c,5185.38086135025
North,Trawlers,summer,small,c,4864.34144460892
North,Trawlers,summer,small,c,3631.35051573848
North,Trawlers,summer,small,c,3039.47198178907
North,Trawlers,summer,small,c,6000.07321588211
South,Trawlers,summer,small,c,4006.45842626122
South,Trawlers,summer,small,c,2512.59069078983
South,Trawlers,summer,small,c,4174.38645314398
South,Trawlers,summer,small,c,4871.16483754406
South,Trawlers,summer,small,c,6550.40957839919
South,Trawlers,summer,small,c,6454.83480083493
South,Trawlers,summer,small,c,5584.10950875489
South,Trawlers,summer,small,c,4498.20961981808
South,Trawlers,summer,small,c,4130.38232505921
South,Trawlers,summer,small,c,4499.23274180995
North,Gillnets,fall,small,c,45998.0875319942
North,Gillnets,fall,small,c,53683.1921608978
North,Gillnets,fall,small,c,51821.532494315
North,Gillnets,fall,small,c,62868.9851456826
North,Gillnets,fall,small,c,43547.3971305746
North,Gillnets,fall,small,c,59399.6065565977
North,Gillnets,fall,small,c,35349.9437795136
North,Gillnets,fall,small,c,29704.1069059
North,Gillnets,fall,small,c,32918.6303421987
North,Gillnets,fall,small,c,51500.0727617141
South,Gillnets,fall,small,c,40350.6084222125
South,Gillnets,fall,small,c,19602.0767724469
South,Gillnets,fall,small,c,23812.1788449959
South,Gillnets,fall,small,c,40662.8918553329
South,Gillnets,fall,small,c,16065.945894569
South,Gillnets,fall,small,c,32971.2244663021
South,Gillnets,fall,small,c,17005.719642584
South,Gillnets,fall,small,c,32258.7350429354
South,Gillnets,fall,small,c,29422.8342439183
South,Gillnets,fall,small,c,21186.7054406284
North,Longlines,fall,small,c,12986.8226253221
North,Longlines,fall,small,c,11658.7290099859
North,Longlines,fall,small,c,9800.86547957705
North,Longlines,fall,small,c,9109.23248507349
North,Longlines,fall,small,c,14536.876359656
North,Longlines,fall,small,c,13033.508516525
North,Longlines,fall,small,c,19395.240023947
North,Longlines,fall,small,c,13628.36058185
North,Longlines,fall,small,c,9684.81346196406
North,Longlines,fall,small,c,9781.48187798374
South,Longlines,fall,small,c,13641.5728989552
South,Longlines,fall,small,c,8121.69520962326
South,Longlines,fall,small,c,8597.13168693405
South,Longlines,fall,small,c,13848.8072051159
South,Longlines,fall,small,c,11900.6586041136
South,Longlines,fall,small,c,10769.7372438569
South,Longlines,fall,small,c,7262.87296186691
South,Longlines,fall,small,c,11353.8029044437
South,Longlines,fall,small,c,12018.1738252412
South,Longlines,fall,small,c,7938.43136326497
North,Trawlers,fall,small,c,11326.4540469771
North,Trawlers,fall,small,c,7589.05599721799
North,Trawlers,fall,small,c,9121.30513208226
North,Trawlers,fall,small,c,7726.14316288621
North,Trawlers,fall,small,c,6278.735995259
North,Trawlers,fall,small,c,6431.42490760076
North,Trawlers,fall,small,c,9900.14119261753
North,Trawlers,fall,small,c,5620.09997422423
North,Trawlers,fall,small,c,7121.38003732876
North,Trawlers,fall,small,c,7575.34535486547
South,Trawlers,fall,small,c,7632.53717872703
South,Trawlers,fall,small,c,7652.78111682604
South,Trawlers,fall,small,c,9985.51973527855
South,Trawlers,fall,small,c,7577.56278592384
South,Trawlers,fall,small,c,4266.52673665921
South,Trawlers,fall,small,c,5891.50608800114
South,Trawlers,fall,small,c,8176.16366000883
South,Trawlers,fall,small,c,7603.71124047676
South,Trawlers,fall,small,c,4134.45000541198
South,Trawlers,fall,small,c,5659.77077852448
North,Gillnets,winter,large,c,31725.6382004674
North,Gillnets,winter,large,c,37575.791154444
North,Gillnets,winter,large,c,35451.3407644354
North,Gillnets,winter,large,c,45938.2116812355
North,Gillnets,winter,large,c,42721.9276030967
North,Gillnets,winter,large,c,46370.2140076626
North,Gillnets,winter,large,c,42268.4570584273
North,Gillnets,winter,large,c,40975.9528142106
North,Gillnets,winter,large,c,51199.70193575
North,Gillnets,winter,large,c,41977.2280899446
South,Gillnets,winter,large,c,27139.9152699454
South,Gillnets,winter,large,c,25859.5112133854
South,Gillnets,winter,large,c,25208.105175046
South,Gillnets,winter,large,c,18911.7086274497
South,Gillnets,winter,large,c,14235.7441095138
South,Gillnets,winter,large,c,21836.7519904893
South,Gillnets,winter,large,c,19970.4761818482
South,Gillnets,winter,large,c,18542.2248006438
South,Gillnets,winter,large,c,16770.1525993383
South,Gillnets,winter,large,c,15626.9422676395
North,Longlines,winter,large,c,12672.5184054728
North,Longlines,winter,large,c,9760.27682574348
North,Longlines,winter,large,c,7008.26861627348
North,Longlines,winter,large,c,13987.2993932075
North,Longlines,winter,large,c,7784.11960254177
North,Longlines,winter,large,c,11289.56746337
North,Longlines,winter,large,c,10024.4508017252
North,Longlines,winter,large,c,11725.0637742151
North,Longlines,winter,large,c,13015.2095105045
North,Longlines,winter,large,c,8450.77975230369
South,Longlines,winter,large,c,4203.85754772924
South,Longlines,winter,large,c,8113.42758438072
South,Longlines,winter,large,c,9103.87804458929
South,Longlines,winter,large,c,9986.84803923561
South,Longlines,winter,large,c,9977.11211068809
South,Longlines,winter,large,c,9248.22787687175
South,Longlines,winter,large,c,11638.2432258293
South,Longlines,winter,large,c,9932.37436319687
South,Longlines,winter,large,c,9081.06819907615
South,Longlines,winter,large,c,10813.5301503028
North,Trawlers,winter,large,c,7454.59268463397
North,Trawlers,winter,large,c,8953.29618750839
North,Trawlers,winter,large,c,9157.46866752534
North,Trawlers,winter,large,c,6594.51428312358
North,Trawlers,winter,large,c,4744.94583254226
North,Trawlers,winter,large,c,6693.43527924203
North,Trawlers,winter,large,c,5337.70293163093
North,Trawlers,winter,large,c,8077.30556933129
North,Trawlers,winter,large,c,6085.89765285784
North,Trawlers,winter,large,c,7897.8099471005
South,Trawlers,winter,large,c,6028.81896539182
South,Trawlers,winter,large,c,3915.81684369186
South,Trawlers,winter,large,c,6527.19360079772
South,Trawlers,winter,large,c,5997.49758696579
South,Trawlers,winter,large,c,7752.83288121805
South,Trawlers,winter,large,c,5277.12288674732
South,Trawlers,winter,large,c,4901.26100237657
South,Trawlers,winter,large,c,5799.94516014929
South,Trawlers,winter,large,c,7118.33318782022
South,Trawlers,winter,large,c,5281.35181359063
North,Gillnets,spring,large,c,91998.3249727548
North,Gillnets,spring,large,c,124818.921525694
North,Gillnets,spring,large,c,128211.945047782
North,Gillnets,spring,large,c,91257.5586043721
North,Gillnets,spring,large,c,94092.188912981
North,Gillnets,spring,large,c,88452.7194816738
North,Gillnets,spring,large,c,91981.4833422428
North,Gillnets,spring,large,c,122946.73960009
North,Gillnets,spring,large,c,152705.308981219
North,Gillnets,spring,large,c,80700.0753010857
South,Gillnets,spring,large,c,41397.3372816891
South,Gillnets,spring,large,c,56131.5468990537
South,Gillnets,spring,large,c,36379.2036373903
South,Gillnets,spring,large,c,41501.9431449299
South,Gillnets,spring,large,c,62980.1413599874
South,Gillnets,spring,large,c,51505.2555748359
South,Gillnets,spring,large,c,55228.2782895024
South,Gillnets,spring,large,c,50987.2750032307
South,Gillnets,spring,large,c,69826.8648658376
South,Gillnets,spring,large,c,59395.8512852025
North,Longlines,spring,large,c,17314.1563990854
North,Longlines,spring,large,c,21540.3179746046
North,Longlines,spring,large,c,27677.738824273
North,Longlines,spring,large,c,17064.7678434122
North,Longlines,spring,large,c,20333.8848284593
North,Longlines,spring,large,c,27398.273677231
North,Longlines,spring,large,c,20252.6704172698
North,Longlines,spring,large,c,14581.3578865583
North,Longlines,spring,large,c,18363.8589740818
North,Longlines,spring,large,c,18301.9983773426
South,Longlines,spring,large,c,13821.7036948383
South,Longlines,spring,large,c,16762.4331466175
South,Longlines,spring,large,c,16790.0456212888
South,Longlines,spring,large,c,23939.9363307415
South,Longlines,spring,large,c,22252.6726164164
South,Longlines,spring,large,c,16277.8551484774
South,Longlines,spring,large,c,22775.3940410119
South,Longlines,spring,large,c,20057.2869110644
South,Longlines,spring,large,c,33900.5613603607
South,Longlines,spring,large,c,12981.7627647874
North,Trawlers,spring,large,c,4328.16492178401
North,Trawlers,spring,large,c,6484.39651706402
North,Trawlers,spring,large,c,6055.30613499427
North,Trawlers,spring,large,c,5066.87944904628
North,Trawlers,spring,large,c,6608.80704384563
North,Trawlers,spring,large,c,10272.0607327805
North,Trawlers,spring,large,c,8663.98250667636
North,Trawlers,spring,large,c,5494.67223478233
North,Trawlers,spring,large,c,7829.01292428231
North,Trawlers,spring,large,c,9354.26016255846
South,Trawlers,spring,large,c,7979.97050686808
South,Trawlers,spring,large,c,7517.95901750558
South,Trawlers,spring,large,c,6225.12245000282
South,Trawlers,spring,large,c,7009.86970892617
South,Trawlers,spring,large,c,7642.84732120032
South,Trawlers,spring,large,c,6873.10922924161
South,Trawlers,spring,large,c,8307.33700065387
South,Trawlers,spring,large,c,8252.29427688
South,Trawlers,spring,large,c,6133.46053155484
South,Trawlers,spring,large,c,9378.29542776195
North,Gillnets,summer,large,c,53329.3092792272
North,Gillnets,summer,large,c,62613.6329641335
North,Gillnets,summer,large,c,52633.6339632544
North,Gillnets,summer,large,c,68653.8482427692
North,Gillnets,summer,large,c,56958.7584524761
North,Gillnets,summer,large,c,54187.0548044793
North,Gillnets,summer,large,c,54021.874522191
North,Gillnets,summer,large,c,67409.0861538638
North,Gillnets,summer,large,c,33118.5304505662
North,Gillnets,summer,large,c,51118.5677093445
South,Gillnets,summer,large,c,31459.6324191363
South,Gillnets,summer,large,c,28787.9301015574
South,Gillnets,summer,large,c,22573.5917672618
South,Gillnets,summer,large,c,35751.6893163256
South,Gillnets,summer,large,c,19700.1468186284
South,Gillnets,summer,large,c,28309.9588879107
South,Gillnets,summer,large,c,25699.0717684609
South,Gillnets,summer,large,c,21403.4850698639
South,Gillnets,summer,large,c,22423.5750118197
South,Gillnets,summer,large,c,26466.4614208809
North,Longlines,summer,large,c,21142.7882655236
North,Longlines,summer,large,c,18276.2063180728
North,Longlines,summer,large,c,15669.9889017439
North,Longlines,summer,large,c,24423.0412862382
North,Longlines,summer,large,c,17042.0757721271
North,Longlines,summer,large,c,16375.8902101559
North,Longlines,summer,large,c,34002.2675626978
North,Longlines,summer,large,c,17227.7010071657
North,Longlines,summer,large,c,28109.3848108679
North,Longlines,summer,large,c,18188.7798713931
South,Longlines,summer,large,c,15817.3705281151
South,Longlines,summer,large,c,16462.8421470058
South,Longlines,summer,large,c,19305.6748069314
South,Longlines,summer,large,c,21932.115215552
South,Longlines,summer,large,c,22326.8060255173
South,Longlines,summer,large,c,17940.4438861545
South,Longlines,summer,large,c,28518.9995164843
South,Longlines,summer,large,c,26505.1353710923
South,Longlines,summer,large,c,21305.081808711
South,Longlines,summer,large,c,24105.5547184572
North,Trawlers,summer,large,c,6146.39474530161
North,Trawlers,summer,large,c,4331.96842844936
North,Trawlers,summer,large,c,6695.32211661403
North,Trawlers,summer,large,c,2953.86750916568
North,Trawlers,summer,large,c,5587.84199491756
North,Trawlers,summer,large,c,3532.81131434441
North,Trawlers,summer,large,c,4020.10730114682
North,Trawlers,summer,large,c,6577.46319640567
North,Trawlers,summer,large,c,8109.18408897874
North,Trawlers,summer,large,c,3783.40807471977
South,Trawlers,summer,large,c,4183.30743201205
South,Trawlers,summer,large,c,4118.56311496268
South,Trawlers,summer,large,c,3916.89031782548
South,Trawlers,summer,large,c,4621.23618716275
South,Trawlers,summer,large,c,5444.17864435721
South,Trawlers,summer,large,c,3902.58113654521
South,Trawlers,summer,large,c,4468.37248035848
South,Trawlers,summer,large,c,4577.88921446732
South,Trawlers,summer,large,c,5482.52793613081
South,Trawlers,summer,large,c,4057.9449431259
North,Gillnets,fall,large,c,56320.5454662163
North,Gillnets,fall,large,c,67054.1791390158
North,Gillnets,fall,large,c,60165.3904042231
North,Gillnets,fall,large,c,46997.7338810247
North,Gillnets,fall,large,c,54099.0505578708
North,Gillnets,fall,large,c,50763.8193653831
North,Gillnets,fall,large,c,47784.6010916723
North,Gillnets,fall,large,c,31899.0734254004
North,Gillnets,fall,large,c,74376.4059782121
North,Gillnets,fall,large,c,53774.3073730037
South,Gillnets,fall,large,c,21524.2008538414
South,Gillnets,fall,large,c,23519.7077260918
South,Gillnets,fall,large,c,25211.9790042393
South,Gillnets,fall,large,c,32431.2517121223
South,Gillnets,fall,large,c,19303.1441929027
South,Gillnets,fall,large,c,34132.7572499663
South,Gillnets,fall,large,c,25540.1744441926
South,Gillnets,fall,large,c,38355.2461104891
South,Gillnets,fall,large,c,22950.966231003
South,Gillnets,fall,large,c,39599.69386455
North,Longlines,fall,large,c,11365.9441411501
North,Longlines,fall,large,c,9812.40538939949
North,Longlines,fall,large,c,14448.6136449868
North,Longlines,fall,large,c,13253.9708004779
North,Longlines,fall,large,c,10459.7347960808
North,Longlines,fall,large,c,10221.1465092957
North,Longlines,fall,large,c,9312.86581596969
North,Longlines,fall,large,c,13356.8104076148
North,Longlines,fall,large,c,12648.0894560564
North,Longlines,fall,large,c,8130.84129690806
South,Longlines,fall,large,c,8401.91359690048
South,Longlines,fall,large,c,14766.3494431284
South,Longlines,fall,large,c,12100.2193104012
South,Longlines,fall,large,c,13659.0555388586
South,Longlines,fall,large,c,6837.06073691877
South,Longlines,fall,large,c,8630.40820939432
South,Longlines,fall,large,c,12239.0434977951
South,Longlines,fall,large,c,11108.4547595542
South,Longlines,fall,large,c,11331.9901808952
South,Longlines,fall,large,c,13231.2747153935
North,Trawlers,fall,large,c,5242.49120759748
North,Trawlers,fall,large,c,5650.47363118928
North,Trawlers,fall,large,c,5931.71868676739
North,Trawlers,fall,large,c,8240.29369756872
North,Trawlers,fall,large,c,7599.89004064513
North,Trawlers,fall,large,c,5734.38313306742
North,Trawlers,fall,large,c,6355.06709638164
North,Trawlers,fall,large,c,5176.2988428797
North,Trawlers,fall,large,c,8433.14226068658
North,Trawlers,fall,large,c,6831.73254020539
South,Trawlers,fall,large,c,6161.6116173723
South,Trawlers,fall,large,c,8656.36674261876
South,Trawlers,fall,large,c,6830.11554178722
South,Trawlers,fall,large,c,10633.67854432
South,Trawlers,fall,large,c,5662.06143370267
South,Trawlers,fall,large,c,10467.0504850524
South,Trawlers,fall,large,c,6304.88066488208
South,Trawlers,fall,large,c,6186.85191161961
South,Trawlers,fall,large,c,7010.51741576388
South,Trawlers,fall,large,c,9953.17726128963
North,Gillnets,winter,small,d,65498.2480747995
North,Gillnets,winter,small,d,36855.032585954
North,Gillnets,winter,small,d,38584.9642189098
North,Gillnets,winter,small,d,43315.251063336
North,Gillnets,winter,small,d,42625.7465314538
North,Gillnets,winter,small,d,48627.0744219122
North,Gillnets,winter,small,d,25005.720013104
North,Gillnets,winter,small,d,54063.0946932636
North,Gillnets,winter,small,d,54220.6392182293
North,Gillnets,winter,small,d,60108.118818862
South,Gillnets,winter,small,d,18509.0783877917
South,Gillnets,winter,small,d,29076.1188360947
South,Gillnets,winter,small,d,18291.0451275225
South,Gillnets,winter,small,d,19103.580318054
South,Gillnets,winter,small,d,27628.0343998131
South,Gillnets,winter,small,d,28667.1830356528
South,Gillnets,winter,small,d,16410.2139877936
South,Gillnets,winter,small,d,17292.2197805039
South,Gillnets,winter,small,d,20578.757699268
South,Gillnets,winter,small,d,30893.3751803269
North,Longlines,winter,small,d,7310.02534524408
North,Longlines,winter,small,d,10164.0212824494
North,Longlines,winter,small,d,9550.89077456741
North,Longlines,winter,small,d,9289.11576091581
North,Longlines,winter,small,d,8721.04108765139
North,Longlines,winter,small,d,8547.45281279666
North,Longlines,winter,small,d,9168.92233350294
North,Longlines,winter,small,d,11192.1667261272
North,Longlines,winter,small,d,11850.0252452975
North,Longlines,winter,small,d,8123.68149343731
South,Longlines,winter,small,d,8887.47490175102
South,Longlines,winter,small,d,9128.9388109322
South,Longlines,winter,small,d,14595.1037174557
South,Longlines,winter,small,d,10873.5825214727
South,Longlines,winter,small,d,8465.60983534893
South,Longlines,winter,small,d,9453.75445672367
South,Longlines,winter,small,d,7675.60955960886
South,Longlines,winter,small,d,9503.47217926763
South,Longlines,winter,small,d,13576.7298995478
South,Longlines,winter,small,d,7844.33891627046
North,Trawlers,winter,small,d,9007.28104631496
North,Trawlers,winter,small,d,7690.24143978973
North,Trawlers,winter,small,d,10559.2525852826
North,Trawlers,winter,small,d,7469.13615954154
North,Trawlers,winter,small,d,6196.3159824231
North,Trawlers,winter,small,d,5588.32686662624
North,Trawlers,winter,small,d,5888.88385383429
North,Trawlers,winter,small,d,7230.06451880593
North,Trawlers,winter,small,d,4715.66837050724
North,Trawlers,winter,small,d,6498.35424732655
South,Trawlers,winter,small,d,6234.3051238878
South,Trawlers,winter,small,d,6951.36864946598
South,Trawlers,winter,small,d,6548.4563019983
South,Trawlers,winter,small,d,7476.90129725241
South,Trawlers,winter,small,d,6118.5290685593
South,Trawlers,winter,small,d,6794.81767105523
South,Trawlers,winter,small,d,6936.17969055389
South,Trawlers,winter,small,d,5745.6068478062
South,Trawlers,winter,small,d,11108.8973738956
South,Trawlers,winter,small,d,6271.52025068157
North,Gillnets,spring,small,d,84113.7376278579
North,Gillnets,spring,small,d,134821.263748005
North,Gillnets,spring,small,d,112608.196400206
North,Gillnets,spring,small,d,95165.4720664046
North,Gillnets,spring,small,d,95245.9140738277
North,Gillnets,spring,small,d,75277.3444948296
North,Gillnets,spring,small,d,149471.55776211
North,Gillnets,spring,small,d,74450.5987289753
North,Gillnets,spring,small,d,113028.976767222
North,Gillnets,spring,small,d,99698.5827229544
South,Gillnets,spring,small,d,51272.3700238641
South,Gillnets,spring,small,d,49678.3375629176
South,Gillnets,spring,small,d,41115.4103203846
South,Gillnets,spring,small,d,60071.3363678642
South,Gillnets,spring,small,d,51035.9879578935
South,Gillnets,spring,small,d,52600.7450437835
South,Gillnets,spring,small,d,41416.5921666924
South,Gillnets,spring,small,d,63670.5793480548
South,Gillnets,spring,small,d,69557.3066258248
South,Gillnets,spring,small,d,53936.1195895284
North,Longlines,spring,small,d,17599.3023083278
North,Longlines,spring,small,d,16287.8669780155
North,Longlines,spring,small,d,30751.0364405996
North,Longlines,spring,small,d,22377.9115507365
North,Longlines,spring,small,d,18319.8029249868
North,Longlines,spring,small,d,19540.3857502248
North,Longlines,spring,small,d,11921.0230056097
North,Longlines,spring,small,d,25068.0374533059
North,Longlines,spring,small,d,28261.7786023978
North,Longlines,spring,small,d,24723.4140360171
South,Longlines,spring,small,d,18995.5926803127
South,Longlines,spring,small,d,19911.9106955371
South,Longlines,spring,small,d,18965.777603106
South,Longlines,spring,small,d,15121.2868754006
South,Longlines,spring,small,d,29155.4876589783
South,Longlines,spring,small,d,19400.8314711
South,Longlines,spring,small,d,17660.0049071311
South,Longlines,spring,small,d,22921.6518573574
South,Longlines,spring,small,d,17898.6644045869
South,Longlines,spring,small,d,20720.2148276466
North,Trawlers,spring,small,d,7000.57143210811
North,Trawlers,spring,small,d,6652.26558916937
North,Trawlers,spring,small,d,9998.93308017045
North,Trawlers,spring,small,d,8052.03964253271
North,Trawlers,spring,small,d,8366.24261121096
North,Trawlers,spring,small,d,7461.26198971877
North,Trawlers,spring,small,d,7014.47992210387
North,Trawlers,spring,small,d,5630.73855776383
North,Trawlers,spring,small,d,8938.27999918112
North,Trawlers,spring,small,d,8863.43676724412
South,Trawlers,spring,small,d,6623.0214730801
South,Trawlers,spring,small,d,6415.51645093025
South,Trawlers,spring,small,d,7074.48725807345
South,Trawlers,spring,small,d,6330.89654724532
South,Trawlers,spring,small,d,5204.01276928438
South,Trawlers,spring,small,d,9934.15608769866
South,Trawlers,spring,small,d,7091.21764317861
South,Trawlers,spring,small,d,8292.95989774448
South,Trawlers,spring,small,d,5246.50776751926
South,Trawlers,spring,small,d,5685.25654288128
North,Gillnets,summer,small,d,54391.923202074
North,Gillnets,summer,small,d,74622.0834176296
North,Gillnets,summer,small,d,86009.5510333378
North,Gillnets,summer,small,d,48855.7242215071
North,Gillnets,summer,small,d,45232.6420350574
North,Gillnets,summer,small,d,48989.3129943436
North,Gillnets,summer,small,d,40900.9799908376
North,Gillnets,summer,small,d,71972.9970941797
North,Gillnets,summer,small,d,49295.0367495601
North,Gillnets,summer,small,d,79804.5816388325
South,Gillnets,summer,small,d,31401.3349079792
South,Gillnets,summer,small,d,30615.9908377824
South,Gillnets,summer,small,d,23900.5773676434
South,Gillnets,summer,small,d,34116.6463539722
South,Gillnets,summer,small,d,36186.0846171748
South,Gillnets,summer,small,d,18700.246817216
South,Gillnets,summer,small,d,31360.2383903794
South,Gillnets,summer,small,d,30262.9337459684
South,Gillnets,summer,small,d,23231.2526787049
South,Gillnets,summer,small,d,29839.2093217829
North,Longlines,summer,small,d,13770.8356473474
North,Longlines,summer,small,d,13884.2363291093
North,Longlines,summer,small,d,22481.4437842044
North,Longlines,summer,small,d,23656.037444151
North,Longlines,summer,small,d,23908.1800714804
North,Longlines,summer,small,d,19485.0419567001
North,Longlines,summer,small,d,14563.0765095484
North,Longlines,summer,small,d,27527.2488129367
North,Longlines,summer,small,d,23027.1667847467
North,Longlines,summer,small,d,18249.1838382623
South,Longlines,summer,small,d,21389.2159360029
South,Longlines,summer,small,d,22013.0389928864
South,Longlines,summer,small,d,19070.9286283364
South,Longlines,summer,small,d,23589.5404256573
South,Longlines,summer,small,d,20891.6383558842
South,Longlines,summer,small,d,21258.3778202658
South,Longlines,summer,small,d,15031.108429435
South,Longlines,summer,small,d,23218.0782308372
South,Longlines,summer,small,d,22764.4357697913
South,Longlines,summer,small,d,24456.4564595808
North,Trawlers,summer,small,d,3952.31240035311
North,Trawlers,summer,small,d,4682.50322828045
North,Trawlers,summer,small,d,4643.21538309419
North,Trawlers,summer,small,d,3913.37057859393
North,Trawlers,summer,small,d,6622.74802394483
North,Trawlers,summer,small,d,5389.74018801484
North,Trawlers,summer,small,d,3100.42179514927
North,Trawlers,summer,small,d,4858.65357965758
North,Trawlers,summer,small,d,4268.18235518588
North,Trawlers,summer,small,d,4226.77495904178
South,Trawlers,summer,small,d,6730.07452552303
South,Trawlers,summer,small,d,3593.64433719721
South,Trawlers,summer,small,d,5061.71770185203
South,Trawlers,summer,small,d,4102.15473244422
South,Trawlers,summer,small,d,5478.39817972479
South,Trawlers,summer,small,d,5750.49935545537
South,Trawlers,summer,small,d,3737.8077137954
South,Trawlers,summer,small,d,3073.90237811234
South,Trawlers,summer,small,d,3908.86712488877
South,Trawlers,summer,small,d,5441.2306074068
North,Gillnets,fall,small,d,57110.4585609176
North,Gillnets,fall,small,d,45341.4400822813
North,Gillnets,fall,small,d,46426.2843379196
North,Gillnets,fall,small,d,47243.8385146357
North,Gillnets,fall,small,d,60102.7574325171
North,Gillnets,fall,small,d,58616.8756590789
North,Gillnets,fall,small,d,41289.0325581064
North,Gillnets,fall,small,d,50652.8775808989
North,Gillnets,fall,small,d,58062.8838849914
North,Gillnets,fall,small,d,48437.96542594
South,Gillnets,fall,small,d,26976.0916441831
South,Gillnets,fall,small,d,25466.6105131276
South,Gillnets,fall,small,d,28073.0431564406
South,Gillnets,fall,small,d,19250.2256198071
South,Gillnets,fall,small,d,25179.609978189
South,Gillnets,fall,small,d,36840.4604159431
South,Gillnets,fall,small,d,33645.032119554
South,Gillnets,fall,small,d,25504.8886568087
South,Gillnets,fall,small,d,20329.0701231009
South,Gillnets,fall,small,d,26195.4906839224
North,Longlines,fall,small,d,9385.77698027949
North,Longlines,fall,small,d,14358.6386280435
North,Longlines,fall,small,d,12568.644802174
North,Longlines,fall,small,d,9925.87741217171
North,Longlines,fall,small,d,11900.6560379789
North,Longlines,fall,small,d,10951.6045751435
North,Longlines,fall,small,d,13431.8471894323
North,Longlines,fall,small,d,15061.3949992845
North,Longlines,fall,small,d,13915.2637235605
North,Longlines,fall,small,d,12682.6466163897
South,Longlines,fall,small,d,13272.9363754719
South,Longlines,fall,small,d,12038.7319235577
South,Longlines,fall,small,d,10821.5170173658
South,Longlines,fall,small,d,11475.7988749267
South,Longlines,fall,small,d,10755.146443964
South,Longlines,fall,small,d,12546.7462536523
South,Longlines,fall,small,d,12087.7086654636
South,Longlines,fall,small,d,11694.0423935491
South,Longlines,fall,small,d,11387.8337079242
South,Longlines,fall,small,d,11355.9791330421
North,Trawlers,fall,small,d,4362.28694266476
North,Trawlers,fall,small,d,7767.14220106755
North,Trawlers,fall,small,d,5188.74105608962
North,Trawlers,fall,small,d,8794.53910120527
North,Trawlers,fall,small,d,8228.67394107109
North,Trawlers,fall,small,d,9519.72463697356
North,Trawlers,fall,small,d,7239.33075695086
North,Trawlers,fall,small,d,7752.32175776057
North,Trawlers,fall,small,d,6793.7138781033
North,Trawlers,fall,small,d,6653.11612172994
South,Trawlers,fall,small,d,5002.62407890867
South,Trawlers,fall,small,d,7851.36087826211
South,Trawlers,fall,small,d,6952.09070057987
South,Trawlers,fall,small,d,7709.19570692179
South,Trawlers,fall,small,d,7950.51787379286
South,Trawlers,fall,small,d,9324.46767414682
South,Trawlers,fall,small,d,6339.41269041522
South,Trawlers,fall,small,d,6151.5979486469
South,Trawlers,fall,small,d,9017.73978147121
South,Trawlers,fall,small,d,9043.89869990593
North,Gillnets,winter,large,d,55514.3803071918
North,Gillnets,winter,large,d,52839.2240562343
North,Gillnets,winter,large,d,40462.0538240579
North,Gillnets,winter,large,d,39450.8660121472
North,Gillnets,winter,large,d,70703.5475995586
North,Gillnets,winter,large,d,49769.9481505872
North,Gillnets,winter,large,d,54953.2154015988
North,Gillnets,winter,large,d,53209.4944687193
North,Gillnets,winter,large,d,55965.7402999376
North,Gillnets,winter,large,d,38333.1475285044
South,Gillnets,winter,large,d,13831.6398749202
South,Gillnets,winter,large,d,21765.2184401373
South,Gillnets,winter,large,d,26656.8707872824
South,Gillnets,winter,large,d,17771.5425671307
South,Gillnets,winter,large,d,14307.6085956897
South,Gillnets,winter,large,d,22064.0039091157
South,Gillnets,winter,large,d,26697.4573146952
South,Gillnets,winter,large,d,23534.4432043917
South,Gillnets,winter,large,d,26434.1491667361
South,Gillnets,winter,large,d,22138.7126676054
North,Longlines,winter,large,d,11168.4441916503
North,Longlines,winter,large,d,8634.89681931389
North,Longlines,winter,large,d,8580.72086936933
North,Longlines,winter,large,d,8033.71787619278
North,Longlines,winter,large,d,10992.1573682278
North,Longlines,winter,large,d,11651.5426254601
North,Longlines,winter,large,d,9520.95779224497
North,Longlines,winter,large,d,8816.16607765261
North,Longlines,winter,large,d,11229.1645800027
North,Longlines,winter,large,d,6501.46140908297
South,Longlines,winter,large,d,9259.45567510541
South,Longlines,winter,large,d,12559.9487885973
South,Longlines,winter,large,d,10606.4116079948
South,Longlines,winter,large,d,8692.4627055041
South,Longlines,winter,large,d,8154.83782384104
South,Longlines,winter,large,d,10802.296260872
South,Longlines,winter,large,d,12274.4711129618
South,Longlines,winter,large,d,13403.8357017536
South,Longlines,winter,large,d,7047.10962717286
South,Longlines,winter,large,d,10567.088356156
North,Trawlers,winter,large,d,6185.82722799385
North,Trawlers,winter,large,d,6936.3317961026
North,Trawlers,winter,large,d,7783.47662097069
North,Trawlers,winter,large,d,7413.77679649171
North,Trawlers,winter,large,d,6641.31498760127
North,Trawlers,winter,large,d,6435.23507911382
North,Trawlers,winter,large,d,8062.99653849107
North,Trawlers,winter,large,d,6193.8061782371
North,Trawlers,winter,large,d,8028.36294680048
North,Trawlers,winter,large,d,8340.59964455287
South,Trawlers,winter,large,d,7150.98569514438
South,Trawlers,winter,large,d,7017.01015192204
South,Trawlers,winter,large,d,3234.69337123987
South,Trawlers,winter,large,d,8323.62832974913
South,Trawlers,winter,large,d,8319.69773128455
South,Trawlers,winter,large,d,6279.11078724155
South,Trawlers,winter,large,d,6209.51848262665
South,Trawlers,winter,large,d,6908.43611216487
South,Trawlers,winter,large,d,5496.02457095749
South,Trawlers,winter,large,d,6981.9281321404
North,Gillnets,spring,large,d,91363.0989127192
North,Gillnets,spring,large,d,126618.201125429
North,Gillnets,spring,large,d,81126.9403720881
North,Gillnets,spring,large,d,94640.7018922805
North,Gillnets,spring,large,d,142649.786978686
North,Gillnets,spring,large,d,138038.312994546
North,Gillnets,spring,large,d,88070.8990085843
North,Gillnets,spring,large,d,91384.6195588081
North,Gillnets,spring,large,d,107530.637367986
North,Gillnets,spring,large,d,117437.103824244
South,Gillnets,spring,large,d,40237.9197042753
South,Gillnets,spring,large,d,43690.963530223
South,Gillnets,spring,large,d,51647.0352070229
South,Gillnets,spring,large,d,50708.2291656183
South,Gillnets,spring,large,d,39895.0728794948
South,Gillnets,spring,large,d,43137.5384807495
South,Gillnets,spring,large,d,51186.0380785198
South,Gillnets,spring,large,d,43447.1138851827
South,Gillnets,spring,large,d,88748.3095138367
South,Gillnets,spring,large,d,43469.6420886179
North,Longlines,spring,large,d,27978.9292033058
North,Longlines,spring,large,d,14347.8300151243
North,Longlines,spring,large,d,18397.454043378
North,Longlines,spring,large,d,21456.0320643459
North,Longlines,spring,large,d,21108.1135244406
North,Longlines,spring,large,d,13753.5712969336
North,Longlines,spring,large,d,23214.0877443464
North,Longlines,spring,large,d,23664.7688923422
North,Longlines,spring,large,d,21859.2860063958
North,Longlines,spring,large,d,20469.103062758
South,Longlines,spring,large,d,14385.8163683917
South,Longlines,spring,large,d,17784.6210846951
South,Longlines,spring,large,d,24261.3615055032
South,Longlines,spring,large,d,24945.3981234987
South,Longlines,spring,large,d,12995.8497115985
South,Longlines,spring,large,d,14869.0318312443
South,Longlines,spring,large,d,20369.230770327
South,Longlines,spring,large,d,20667.3316573032
South,Longlines,spring,large,d,24325.2797139541
South,Longlines,spring,large,d,19810.7598117622
North,Trawlers,spring,large,d,4328.77830882616
North,Trawlers,spring,large,d,7480.26269162697
North,Trawlers,spring,large,d,5481.27836102659
North,Trawlers,spring,large,d,7658.31081048582
North,Trawlers,spring,large,d,5826.16925984448
North,Trawlers,spring,large,d,10086.2786321967
North,Trawlers,spring,large,d,6379.88781807705
North,Trawlers,spring,large,d,6098.74503644625
North,Trawlers,spring,large,d,7748.94415148094
North,Trawlers,spring,large,d,5479.34693347371
South,Trawlers,spring,large,d,5627.24580715502
South,Trawlers,spring,large,d,5836.54059164031
South,Trawlers,spring,large,d,6861.39778301657
South,Trawlers,spring,large,d,6669.27827132702
South,Trawlers,spring,large,d,7943.58270469236
South,Trawlers,spring,large,d,8030.95487445309
South,Trawlers,spring,large,d,5950.59732207554
South,Trawlers,spring,large,d,6173.9960830584
South,Trawlers,spring,large,d,6356.54515769179
South,Trawlers,spring,large,d,8167.62882011642
North,Gillnets,summer,large,d,63082.2150438135
North,Gillnets,summer,large,d,52984.9677473779
North,Gillnets,summer,large,d,51456.030424476
North,Gillnets,summer,large,d,54139.4079083415
North,Gillnets,summer,large,d,32361.3915022334
North,Gillnets,summer,large,d,71017.7494426256
North,Gillnets,summer,large,d,52247.1220605595
North,Gillnets,summer,large,d,71051.6474401283
North,Gillnets,summer,large,d,49330.3267256412
North,Gillnets,summer,large,d,34889.4579297789
South,Gillnets,summer,large,d,30448.0609706109
South,Gillnets,summer,large,d,33218.4393945264
South,Gillnets,summer,large,d,25184.4168698095
South,Gillnets,summer,large,d,31749.7308168256
South,Gillnets,summer,large,d,32119.8775378804
South,Gillnets,summer,large,d,25088.4434105127
South,Gillnets,summer,large,d,35135.8335189084
South,Gillnets,summer,large,d,21122.6333588414
South,Gillnets,summer,large,d,30438.3801124167
South,Gillnets,summer,large,d,31734.7204187193
North,Longlines,summer,large,d,15125.5460388413
North,Longlines,summer,large,d,26934.9354471657
North,Longlines,summer,large,d,19686.8868368819
North,Longlines,summer,large,d,29775.9113444614
North,Longlines,summer,large,d,17772.2065202482
North,Longlines,summer,large,d,17098.2746381848
North,Longlines,summer,large,d,21153.7533045238
North,Longlines,summer,large,d,21400.4795579622
North,Longlines,summer,large,d,17090.9118818263
North,Longlines,summer,large,d,22570.188248017
South,Longlines,summer,large,d,19673.7403047235
South,Longlines,summer,large,d,24304.433027296
South,Longlines,summer,large,d,20618.2939024069
South,Longlines,summer,large,d,13042.3756170073
South,Longlines,summer,large,d,20879.8782865703
South,Longlines,summer,large,d,19356.2901539115
South,Longlines,summer,large,d,21218.4950521266
South,Longlines,summer,large,d,20565.2825380779
South,Longlines,summer,large,d,16673.2601059321
South,Longlines,summer,large,d,25617.7225281551
North,Trawlers,summer,large,d,5542.54405545551
North,Trawlers,summer,large,d,4981.72711631936
North,Trawlers,summer,large,d,3034.92924701804
North,Trawlers,summer,large,d,7015.83158557611
North,Trawlers,summer,large,d,4731.67043696921
North,Trawlers,summer,large,d,7012.03091987183
North,Trawlers,summer,large,d,3891.16016795991
North,Trawlers,summer,large,d,6450.12499414584
North,Trawlers,summer,large,d,5789.78087726116
North,Trawlers,summer,large,d,2595.19236385894
South,Trawlers,summer,large,d,4144.35577896862
South,Trawlers,summer,large,d,3884.21602907864
South,Trawlers,summer,large,d,4695.12372865281
South,Trawlers,summer,large,d,2444.30756758003
South,Trawlers,summer,large,d,4218.9181533995
South,Trawlers,summer,large,d,2888.84255138463
South,Trawlers,summer,large,d,3324.23579389722
South,Trawlers,summer,large,d,3187.82257238855
South,Trawlers,summer,large,d,6222.90751877814
South,Trawlers,summer,large,d,4967.94095858614
North,Gillnets,fall,large,d,42373.0948430518
North,Gillnets,fall,large,d,61126.3657663529
North,Gillnets,fall,large,d,59919.2468825565
North,Gillnets,fall,large,d,59862.6266593685
North,Gillnets,fall,large,d,49371.720763025
North,Gillnets,fall,large,d,37074.9526824359
North,Gillnets,fall,large,d,51402.7179709419
North,Gillnets,fall,large,d,48214.3009931023
North,Gillnets,fall,large,d,64432.9303013453
North,Gillnets,fall,large,d,52568.2565972797
South,Gillnets,fall,large,d,20995.3570656863
South,Gillnets,fall,large,d,31563.9634095678
South,Gillnets,fall,large,d,26465.1839266968
South,Gillnets,fall,large,d,32646.198052191
South,Gillnets,fall,large,d,26997.1869012536
South,Gillnets,fall,large,d,23318.5682952447
South,Gillnets,fall,large,d,30700.6555706857
South,Gillnets,fall,large,d,39211.3541640212
South,Gillnets,fall,large,d,29081.2678851445
South,Gillnets,fall,large,d,40536.7198038791
North,Longlines,fall,large,d,18748.2149977711
North,Longlines,fall,large,d,13308.2225270358
North,Longlines,fall,large,d,10178.950617674
North,Longlines,fall,large,d,9557.15557138608
North,Longlines,fall,large,d,11963.2599787657
North,Longlines,fall,large,d,8618.05741250029
North,Longlines,fall,large,d,10658.475982158
North,Longlines,fall,large,d,7219.15980208478
North,Longlines,fall,large,d,11503.6471908793
North,Longlines,fall,large,d,7150.13059788826
South,Longlines,fall,large,d,8000.04787724807
South,Longlines,fall,large,d,8221.98571805149
South,Longlines,fall,large,d,9900.6398857897
South,Longlines,fall,large,d,10586.743471902
South,Longlines,fall,large,d,12183.0998995426
South,Longlines,fall,large,d,7663.43859594953
South,Longlines,fall,large,d,13608.7050828317
South,Longlines,fall,large,d,11257.1517409607
South,Longlines,fall,large,d,13469.3976205078
South,Longlines,fall,large,d,18124.8511761588
North,Trawlers,fall,large,d,5052.48245239801
North,Trawlers,fall,large,d,7951.28687668037
North,Trawlers,fall,large,d,7089.60539867754
North,Trawlers,fall,large,d,8063.22674374345
North,Trawlers,fall,large,d,6583.380118032
North,Trawlers,fall,large,d,7919.73461158957
North,Trawlers,fall,large,d,10810.5674030759
North,Trawlers,fall,large,d,4414.75197759583
North,Trawlers,fall,large,d,5234.38230332048
North,Trawlers,fall,large,d,9149.36666944778
South,Trawlers,fall,large,d,7834.64353619984
South,Trawlers,fall,large,d,9950.4571074934
South,Trawlers,fall,large,d,5919.06762397618
South,Trawlers,fall,large,d,5914.52841863133
South,Trawlers,fall,large,d,7085.24333069369
South,Trawlers,fall,large,d,9432.53540712439
South,Trawlers,fall,large,d,8671.25441100545
South,Trawlers,fall,large,d,7989.08067923443
South,Trawlers,fall,large,d,7785.73884556623
South,Trawlers,fall,large,d,6388.15470072647
North,Gillnets,winter,small,e,42779.4506714903
North,Gillnets,winter,small,e,40732.1768526144
North,Gillnets,winter,small,e,58976.0333766754
North,Gillnets,winter,small,e,36681.6988946903
North,Gillnets,winter,small,e,54974.7742590613
North,Gillnets,winter,small,e,40511.1542954612
North,Gillnets,winter,small,e,67127.7647735499
North,Gillnets,winter,small,e,41569.491465973
North,Gillnets,winter,small,e,23791.6417181536
North,Gillnets,winter,small,e,48965.1904029719
South,Gillnets,winter,small,e,20751.3654128124
South,Gillnets,winter,small,e,22095.5720994688
South,Gillnets,winter,small,e,20798.603326839
South,Gillnets,winter,small,e,20202.6251997226
South,Gillnets,winter,small,e,28324.1067440486
South,Gillnets,winter,small,e,22720.0692675507
South,Gillnets,winter,small,e,26555.9394432569
South,Gillnets,winter,small,e,18332.4251910349
South,Gillnets,winter,small,e,22468.7378160292
South,Gillnets,winter,small,e,22664.7361009223
North,Longlines,winter,small,e,8328.99566005365
North,Longlines,winter,small,e,10159.5033788368
North,Longlines,winter,small,e,11001.6926520882
North,Longlines,winter,small,e,9887.55969815559
North,Longlines,winter,small,e,12550.8832193635
North,Longlines,winter,small,e,7908.63437832564
North,Longlines,winter,small,e,11675.2075346316
North,Longlines,winter,small,e,7753.66633528968
North,Longlines,winter,small,e,6474.40654022342
North,Longlines,winter,small,e,10843.1967439791
South,Longlines,winter,small,e,7906.27815718711
South,Longlines,winter,small,e,10931.3486001371
South,Longlines,winter,small,e,7751.32245230247
South,Longlines,winter,small,e,10213.8318616884
South,Longlines,winter,small,e,11889.5752828136
South,Longlines,winter,small,e,8817.30453590063
South,Longlines,winter,small,e,8539.43975451742
South,Longlines,winter,small,e,10981.3170990405
South,Longlines,winter,small,e,8196.97999771004
South,Longlines,winter,small,e,9500.56844658492
North,Trawlers,winter,small,e,9156.86329881448
North,Trawlers,winter,small,e,5780.93470171786
North,Trawlers,winter,small,e,6190.47672504642
North,Trawlers,winter,small,e,6384.74222515064
North,Trawlers,winter,small,e,7323.58958655766
North,Trawlers,winter,small,e,7439.12452949181
North,Trawlers,winter,small,e,8364.97905577614
North,Trawlers,winter,small,e,5085.35068304347
North,Trawlers,winter,small,e,5337.79610621439
North,Trawlers,winter,small,e,7416.92839267834
South,Trawlers,winter,small,e,5063.75235910385
South,Trawlers,winter,small,e,5767.46764313252
South,Trawlers,winter,small,e,6306.67547804345
South,Trawlers,winter,small,e,5986.74622932033
South,Trawlers,winter,small,e,9613.60524690556
South,Trawlers,winter,small,e,6913.28037406569
South,Trawlers,winter,small,e,4706.66124360781
South,Trawlers,winter,small,e,9017.68978651192
South,Trawlers,winter,small,e,7553.74238588624
South,Trawlers,winter,small,e,6873.83316961907
North,Gillnets,spring,small,e,131023.294796826
North,Gillnets,spring,small,e,134551.742401827
North,Gillnets,spring,small,e,166030.470235458
North,Gillnets,spring,small,e,132451.435626999
North,Gillnets,spring,small,e,80875.0856637881
North,Gillnets,spring,small,e,135007.922753267
North,Gillnets,spring,small,e,97102.0388356914
North,Gillnets,spring,small,e,77398.6089238885
North,Gillnets,spring,small,e,162426.103525191
North,Gillnets,spring,small,e,127460.317871572
South,Gillnets,spring,small,e,56392.4945332457
South,Gillnets,spring,small,e,38087.7944567002
South,Gillnets,spring,small,e,72755.295519503
South,Gillnets,spring,small,e,49352.5597054018
South,Gillnets,spring,small,e,49857.247982767
South,Gillnets,spring,small,e,73051.4754318923
South,Gillnets,spring,small,e,60305.4897046462
South,Gillnets,spring,small,e,56811.8056187838
South,Gillnets,spring,small,e,57890.1920701388
South,Gillnets,spring,small,e,44800.7418229162
North,Longlines,spring,small,e,29438.0444477817
North,Longlines,spring,small,e,16788.6228728528
North,Longlines,spring,small,e,16539.3753563175
North,Longlines,spring,small,e,26524.156777707
North,Longlines,spring,small,e,10867.0112873829
North,Longlines,spring,small,e,22827.4282493399
North,Longlines,spring,small,e,31247.9912942746
North,Longlines,spring,small,e,10653.7227876683
North,Longlines,spring,small,e,16644.8826730448
North,Longlines,spring,small,e,22632.1697473428
South,Longlines,spring,small,e,21652.5181524612
South,Longlines,spring,small,e,22348.4473601003
South,Longlines,spring,small,e,17077.68757771
South,Longlines,spring,small,e,19989.1483096747
South,Longlines,spring,small,e,22821.253620717
South,Longlines,spring,small,e,19015.0264656866
South,Longlines,spring,small,e,20213.5264207157
South,Longlines,spring,small,e,22781.3646317959
South,Longlines,spring,small,e,24020.4852782775
South,Longlines,spring,small,e,12129.5052272274
North,Trawlers,spring,small,e,4637.33969450663
North,Trawlers,spring,small,e,8251.86748314371
North,Trawlers,spring,small,e,10069.4940801567
North,Trawlers,spring,small,e,8492.96111905855
North,Trawlers,spring,small,e,8069.14087510726
North,Trawlers,spring,small,e,13575.1524679296
North,Trawlers,spring,small,e,7043.94075453561
North,Trawlers,spring,small,e,6765.6146416522
North,Trawlers,spring,small,e,6542.76565552594
North,Trawlers,spring,small,e,7630.32319210939
South,Trawlers,spring,small,e,4721.68170475953
South,Trawlers,spring,small,e,8206.25474071916
South,Trawlers,spring,small,e,6021.05255629395
South,Trawlers,spring,small,e,9719.62382326687
South,Trawlers,spring,small,e,7032.76948291379
South,Trawlers,spring,small,e,10912.8413116122
South,Trawlers,spring,small,e,7825.84174405002
South,Trawlers,spring,small,e,3417.73219919444
South,Trawlers,spring,small,e,5987.96842894327
South,Trawlers,spring,small,e,7595.72349467764
North,Gillnets,summer,small,e,63001.5982585336
North,Gillnets,summer,small,e,56987.5113549691
North,Gillnets,summer,small,e,78706.8758786073
North,Gillnets,summer,small,e,46119.2524317478
North,Gillnets,summer,small,e,39041.0019444167
North,Gillnets,summer,small,e,49142.7831451636
North,Gillnets,summer,small,e,33396.9180556691
North,Gillnets,summer,small,e,27373.0608229672
North,Gillnets,summer,small,e,54969.4535781046
North,Gillnets,summer,small,e,41474.9061245665
South,Gillnets,summer,small,e,31229.704079702
South,Gillnets,summer,small,e,28984.239222809
South,Gillnets,summer,small,e,27130.1513015689
South,Gillnets,summer,small,e,18378.0229049154
South,Gillnets,summer,small,e,39450.1280248042
South,Gillnets,summer,small,e,29488.7036657141
South,Gillnets,summer,small,e,24858.8503102671
South,Gillnets,summer,small,e,20304.3834861161
South,Gillnets,summer,small,e,30868.9261379331
South,Gillnets,summer,small,e,45284.3392358373
North,Longlines,summer,small,e,19199.560657202
North,Longlines,summer,small,e,16538.0616500584
North,Longlines,summer,small,e,18655.0063820455
North,Longlines,summer,small,e,18511.36193057
North,Longlines,summer,small,e,20634.6840258046
North,Longlines,summer,small,e,22123.4301222511
North,Longlines,summer,small,e,19996.4776950345
North,Longlines,summer,small,e,15654.4456799824
North,Longlines,summer,small,e,20382.9781875521
North,Longlines,summer,small,e,21995.6825460112
South,Longlines,summer,small,e,17395.7440409642
South,Longlines,summer,small,e,24524.3554458919
South,Longlines,summer,small,e,14983.8491572681
South,Longlines,summer,small,e,31208.2710222698
South,Longlines,summer,small,e,17618.3088210896
South,Longlines,summer,small,e,22887.1063769625
South,Longlines,summer,small,e,17675.4496879013
South,Longlines,summer,small,e,20368.8585735272
South,Longlines,summer,small,e,16103.1958405775
South,Longlines,summer,small,e,23811.5953913069
North,Trawlers,summer,small,e,7234.26402416446
North,Trawlers,summer,small,e,5458.46983148489
North,Trawlers,summer,small,e,4177.65598821434
North,Trawlers,summer,small,e,4683.19149653082
North,Trawlers,summer,small,e,5687.74960915206
North,Trawlers,summer,small,e,6631.06086229635
North,Trawlers,summer,small,e,3803.47582537064
North,Trawlers,summer,small,e,4304.49403235721
North,Trawlers,summer,small,e,4407.27344184197
North,Trawlers,summer,small,e,4128.9763572108
South,Trawlers,summer,small,e,5342.19733726474
South,Trawlers,summer,small,e,4735.9072308739
South,Trawlers,summer,small,e,3842.4264949178
South,Trawlers,summer,small,e,3427.35892222113
South,Trawlers,summer,small,e,5259.73009996246
South,Trawlers,summer,small,e,5920.37922531335
South,Trawlers,summer,small,e,5739.30191041794
South,Trawlers,summer,small,e,3959.72952177448
South,Trawlers,summer,small,e,4089.35896571483
South,Trawlers,summer,small,e,3256.15272754257
North,Gillnets,fall,small,e,77483.2628918077
North,Gillnets,fall,small,e,82643.9986185266
North,Gillnets,fall,small,e,51468.7385376348
North,Gillnets,fall,small,e,51303.3298326152
North,Gillnets,fall,small,e,61014.0944448265
North,Gillnets,fall,small,e,54989.3747048174
North,Gillnets,fall,small,e,81860.4696289971
North,Gillnets,fall,small,e,54502.2201511047
North,Gillnets,fall,small,e,66275.9039341243
North,Gillnets,fall,small,e,41627.29144538
South,Gillnets,fall,small,e,31908.6006905453
South,Gillnets,fall,small,e,49188.44075667
South,Gillnets,fall,small,e,20270.0602076474
South,Gillnets,fall,small,e,31291.2481207563
South,Gillnets,fall,small,e,29499.2058590216
South,Gillnets,fall,small,e,40886.9050953491
South,Gillnets,fall,small,e,32743.2999887087
South,Gillnets,fall,small,e,27075.1323102851
South,Gillnets,fall,small,e,30797.7796998942
South,Gillnets,fall,small,e,33221.5393704048
North,Longlines,fall,small,e,17499.3316642831
North,Longlines,fall,small,e,12423.9733909199
North,Longlines,fall,small,e,9863.6428460817
North,Longlines,fall,small,e,10486.638390336
North,Longlines,fall,small,e,12044.9769580464
North,Longlines,fall,small,e,12571.8654052732
North,Longlines,fall,small,e,7832.13739192948
North,Longlines,fall,small,e,10048.1229246696
North,Longlines,fall,small,e,11419.16212924
North,Longlines,fall,small,e,9938.0110005652
South,Longlines,fall,small,e,9889.78066015947
South,Longlines,fall,small,e,11128.4647121085
South,Longlines,fall,small,e,7361.8881190943
South,Longlines,fall,small,e,15146.9637952713
South,Longlines,fall,small,e,14752.7045891012
South,Longlines,fall,small,e,12164.5669886394
South,Longlines,fall,small,e,11000.6289431619
South,Longlines,fall,small,e,11780.2459939416
South,Longlines,fall,small,e,12276.5405237472
South,Longlines,fall,small,e,19358.3661112016
North,Trawlers,fall,small,e,9196.74489043987
North,Trawlers,fall,small,e,8016.20339134526
North,Trawlers,fall,small,e,5428.39655870878
North,Trawlers,fall,small,e,5311.31286325377
North,Trawlers,fall,small,e,5355.65380884976
North,Trawlers,fall,small,e,5746.0324738457
North,Trawlers,fall,small,e,8395.73034983236
North,Trawlers,fall,small,e,6747.43115096429
North,Trawlers,fall,small,e,5716.99248561749
North,Trawlers,fall,small,e,7059.2108738964
South,Trawlers,fall,small,e,5550.46828591368
South,Trawlers,fall,small,e,7757.08954977414
South,Trawlers,fall,small,e,7432.70957261316
South,Trawlers,fall,small,e,7515.89055352817
South,Trawlers,fall,small,e,7596.57211640173
South,Trawlers,fall,small,e,5999.01846092269
South,Trawlers,fall,small,e,6929.30684412543
South,Trawlers,fall,small,e,7394.81780202784
South,Trawlers,fall,small,e,8751.84583273148
South,Trawlers,fall,small,e,6466.14879063416
North,Gillnets,winter,large,e,53571.1932579409
North,Gillnets,winter,large,e,45203.2468150942
North,Gillnets,winter,large,e,59327.1033051752
North,Gillnets,winter,large,e,22344.1599604051
North,Gillnets,winter,large,e,47891.9069668243
North,Gillnets,winter,large,e,57815.9186508825
North,Gillnets,winter,large,e,32099.6131765764
North,Gillnets,winter,large,e,75545.4906870046
North,Gillnets,winter,large,e,49909.9402848486
North,Gillnets,winter,large,e,45837.3401543529
South,Gillnets,winter,large,e,21706.9878343632
South,Gillnets,winter,large,e,22816.0046063594
South,Gillnets,winter,large,e,18072.2537577173
South,Gillnets,winter,large,e,15110.983897289
South,Gillnets,winter,large,e,20724.985814856
South,Gillnets,winter,large,e,21160.5898739914
South,Gillnets,winter,large,e,17727.1377312396
South,Gillnets,winter,large,e,25917.1014874705
South,Gillnets,winter,large,e,23830.8374552015
South,Gillnets,winter,large,e,11617.190364707
North,Longlines,winter,large,e,6156.23617721046
North,Longlines,winter,large,e,14363.1817911183
North,Longlines,winter,large,e,7911.31471161644
North,Longlines,winter,large,e,7347.37908417691
North,Longlines,winter,large,e,8986.72009675451
North,Longlines,winter,large,e,9388.60430118442
North,Longlines,winter,large,e,9765.76381672157
North,Longlines,winter,large,e,11808.9897398576
North,Longlines,winter,large,e,7942.56803687744
North,Longlines,winter,large,e,8226.96373512682
South,Longlines,winter,large,e,11721.7306296977
South,Longlines,winter,large,e,8782.06181917627
South,Longlines,winter,large,e,8428.65680218309
South,Longlines,winter,large,e,10144.1536916563
South,Longlines,winter,large,e,7624.24583089007
South,Longlines,winter,large,e,8171.80195108059
South,Longlines,winter,large,e,7778.32868531272
South,Longlines,winter,large,e,11429.469296341
South,Longlines,winter,large,e,7436.84646499478
South,Longlines,winter,large,e,12764.4218258155
North,Trawlers,winter,large,e,7527.33698786136
North,Trawlers,winter,large,e,6571.32484512016
North,Trawlers,winter,large,e,7422.93410249347
North,Trawlers,winter,large,e,7791.46618510201
North,Trawlers,winter,large,e,5425.22774141066
North,Trawlers,winter,large,e,8581.35660187463
North,Trawlers,winter,large,e,9477.41642284165
North,Trawlers,winter,large,e,8809.494986061
North,Trawlers,winter,large,e,6823.02903040968
North,Trawlers,winter,large,e,8866.04884700477
South,Trawlers,winter,large,e,6227.36610132391
South,Trawlers,winter,large,e,6013.31294149806
South,Trawlers,winter,large,e,4922.7075988772
South,Trawlers,winter,large,e,7854.81663193575
South,Trawlers,winter,large,e,5131.94040693349
South,Trawlers,winter,large,e,7244.53636541746
South,Trawlers,winter,large,e,7846.0046854666
South,Trawlers,winter,large,e,8185.10253047984
South,Trawlers,winter,large,e,5334.69505512612
South,Trawlers,winter,large,e,6644.11835734237
North,Gillnets,spring,large,e,134761.355865838
North,Gillnets,spring,large,e,84405.2336262102
North,Gillnets,spring,large,e,166509.464452305
North,Gillnets,spring,large,e,64220.5674976878
North,Gillnets,spring,large,e,117192.439144868
North,Gillnets,spring,large,e,162333.292284168
North,Gillnets,spring,large,e,103283.722423083
North,Gillnets,spring,large,e,79308.1387162281
North,Gillnets,spring,large,e,100502.33461316
North,Gillnets,spring,large,e,81900.9326784157
South,Gillnets,spring,large,e,81177.1044011258
South,Gillnets,spring,large,e,83919.9882495342
South,Gillnets,spring,large,e,45298.583275383
South,Gillnets,spring,large,e,45025.4779033007
South,Gillnets,spring,large,e,59151.6553848012
South,Gillnets,spring,large,e,47413.0004464267
South,Gillnets,spring,large,e,70070.1715772155
South,Gillnets,spring,large,e,92079.6995465794
South,Gillnets,spring,large,e,85860.2646284741
South,Gillnets,spring,large,e,74478.7510231741
North,Longlines,spring,large,e,20563.6632989923
North,Longlines,spring,large,e,20077.2080042282
North,Longlines,spring,large,e,20313.3747991651
North,Longlines,spring,large,e,19249.9059901931
North,Longlines,spring,large,e,19765.0095851192
North,Longlines,spring,large,e,16512.0136400919
North,Longlines,spring,large,e,14740.8091994729
North,Longlines,spring,large,e,14998.6707484581
North,Longlines,spring,large,e,26095.3047365099
North,Longlines,spring,large,e,31255.4459101521
South,Longlines,spring,large,e,20720.6218219919
South,Longlines,spring,large,e,32042.9369936283
South,Longlines,spring,large,e,21585.3723912722
South,Longlines,spring,large,e,25836.5480816476
South,Longlines,spring,large,e,19766.7476930855
South,Longlines,spring,large,e,15052.705404114
South,Longlines,spring,large,e,23935.6771613031
South,Longlines,spring,large,e,17465.4254805583
South,Longlines,spring,large,e,24572.3336113575
South,Longlines,spring,large,e,18878.5068056084
North,Trawlers,spring,large,e,10098.3709191614
North,Trawlers,spring,large,e,9469.57010555331
North,Trawlers,spring,large,e,8020.21372787456
North,Trawlers,spring,large,e,7038.46030325363
North,Trawlers,spring,large,e,5803.33694000067
North,Trawlers,spring,large,e,5975.14950686094
North,Trawlers,spring,large,e,10605.0857289147
North,Trawlers,spring,large,e,5020.96084339711
North,Trawlers,spring,large,e,6380.12598240068
North,Trawlers,spring,large,e,7449.4961449011
South,Trawlers,spring,large,e,5081.5271171849
South,Trawlers,spring,large,e,5591.51651919523
South,Trawlers,spring,large,e,5466.73108392294
South,Trawlers,spring,large,e,8564.11815751545
South,Trawlers,spring,large,e,4796.71483750807
South,Trawlers,spring,large,e,6498.84428972036
South,Trawlers,spring,large,e,8547.21636356158
South,Trawlers,spring,large,e,9338.80595253224
South,Trawlers,spring,large,e,6508.86003857364
South,Trawlers,spring,large,e,6903.18659657809
North,Gillnets,summer,large,e,42524.9647860934
North,Gillnets,summer,large,e,65020.1885932387
North,Gillnets,summer,large,e,46979.5381578828
North,Gillnets,summer,large,e,72451.5703904952
North,Gillnets,summer,large,e,79671.1417851772
North,Gillnets,summer,large,e,89681.5266601695
North,Gillnets,summer,large,e,63245.8064405099
North,Gillnets,summer,large,e,50161.6574386429
North,Gillnets,summer,large,e,62696.7339823093
North,Gillnets,summer,large,e,67752.6190388565
South,Gillnets,summer,large,e,32900.1544650215
South,Gillnets,summer,large,e,34729.4783368326
South,Gillnets,summer,large,e,21811.1782425911
South,Gillnets,summer,large,e,28538.4296036217
South,Gillnets,summer,large,e,34126.3256510406
South,Gillnets,summer,large,e,27221.4741681453
South,Gillnets,summer,large,e,35040.9582756013
South,Gillnets,summer,large,e,24358.6069096145
South,Gillnets,summer,large,e,24305.6076456399
South,Gillnets,summer,large,e,27455.0178567503
North,Longlines,summer,large,e,18718.4678820448
North,Longlines,summer,large,e,25871.3856020494
North,Longlines,summer,large,e,15731.7121752626
North,Longlines,summer,large,e,15566.9829157753
North,Longlines,summer,large,e,11643.2633958762
North,Longlines,summer,large,e,19731.6966371488
North,Longlines,summer,large,e,39311.9311541106
North,Longlines,summer,large,e,18453.2708701362
North,Longlines,summer,large,e,16064.7288751729
North,Longlines,summer,large,e,18067.2349192177
South,Longlines,summer,large,e,14942.5328196294
South,Longlines,summer,large,e,17159.578509338
South,Longlines,summer,large,e,33458.8672194784
South,Longlines,summer,large,e,14001.1222388005
South,Longlines,summer,large,e,15474.5076982727
South,Longlines,summer,large,e,19353.259866865
South,Longlines,summer,large,e,25846.3930396396
South,Longlines,summer,large,e,22037.5902793426
South,Longlines,summer,large,e,24526.2637507511
South,Longlines,summer,large,e,17238.2422327065
North,Trawlers,summer,large,e,3899.11423417004
North,Trawlers,summer,large,e,5243.56534402361
North,Trawlers,summer,large,e,5227.41872680792
North,Trawlers,summer,large,e,3729.80736641801
North,Trawlers,summer,large,e,5426.6053654524
North,Trawlers,summer,large,e,4558.50370789445
North,Trawlers,summer,large,e,4070.24748440216
North,Trawlers,summer,large,e,5651.26403410733
North,Trawlers,summer,large,e,5309.58453018632
North,Trawlers,summer,large,e,4753.98057659186
South,Trawlers,summer,large,e,5362.82511408136
South,Trawlers,summer,large,e,6202.45627523587
South,Trawlers,summer,large,e,5437.07471168724
South,Trawlers,summer,large,e,3199.64976457569
South,Trawlers,summer,large,e,5123.38359573617
South,Trawlers,summer,large,e,4718.11848750732
South,Trawlers,summer,large,e,3692.19180244539
South,Trawlers,summer,large,e,4337.55265466415
South,Trawlers,summer,large,e,4475.22002306916
South,Trawlers,summer,large,e,5096.02261809187
North,Gillnets,fall,large,e,69699.3935096939
North,Gillnets,fall,large,e,54008.0572807693
North,Gillnets,fall,large,e,62717.9985162675
North,Gillnets,fall,large,e,45086.5882215018
North,Gillnets,fall,large,e,51840.3999575776
North,Gillnets,fall,large,e,41537.2618202313
North,Gillnets,fall,large,e,71215.0030033947
North,Gillnets,fall,large,e,45956.5595561305
North,Gillnets,fall,large,e,58499.6906953262
North,Gillnets,fall,large,e,64030.0250139864
South,Gillnets,fall,large,e,24054.3763185488
South,Gillnets,fall,large,e,25656.8325419294
South,Gillnets,fall,large,e,24912.036160579
South,Gillnets,fall,large,e,35234.2463518468
South,Gillnets,fall,large,e,39842.0370062523
South,Gillnets,fall,large,e,35247.6406845437
South,Gillnets,fall,large,e,27927.4316671812
South,Gillnets,fall,large,e,29486.5488261885
South,Gillnets,fall,large,e,24353.3222389529
South,Gillnets,fall,large,e,22170.7775387956
North,Longlines,fall,large,e,9306.03904637571
North,Longlines,fall,large,e,16685.3024388336
North,Longlines,fall,large,e,12163.459077293
North,Longlines,fall,large,e,11556.1984242683
North,Longlines,fall,large,e,11072.090187543
North,Longlines,fall,large,e,11877.6096491212
North,Longlines,fall,large,e,17240.8078496511
North,Longlines,fall,large,e,12580.1735978722
North,Longlines,fall,large,e,12915.5059430929
North,Longlines,fall,large,e,12834.188861962
South,Longlines,fall,large,e,17657.0051490362
South,Longlines,fall,large,e,10090.3536508466
South,Longlines,fall,large,e,10601.0915752127
South,Longlines,fall,large,e,6647.86074593311
South,Longlines,fall,large,e,10972.0397478258
South,Longlines,fall,large,e,8694.00978163769
South,Longlines,fall,large,e,13319.4603032204
South,Longlines,fall,large,e,10010.9295823499
South,Longlines,fall,large,e,9077.80496711158
South,Longlines,fall,large,e,9246.34335131426
North,Trawlers,fall,large,e,5624.31976408281
North,Trawlers,fall,large,e,8890.50475930243
North,Trawlers,fall,large,e,10755.7232813753
North,Trawlers,fall,large,e,10723.872970911
North,Trawlers,fall,large,e,5288.30773335301
North,Trawlers,fall,large,e,6050.27015644927
North,Trawlers,fall,large,e,6954.26404283387
North,Trawlers,fall,large,e,9327.30341300226
North,Trawlers,fall,large,e,9319.46374115629
North,Trawlers,fall,large,e,6597.43932097747
South,Trawlers,fall,large,e,8007.10320094886
South,Trawlers,fall,large,e,9097.66254392817
South,Trawlers,fall,large,e,7079.98186325375
South,Trawlers,fall,large,e,5876.07237287623
South,Trawlers,fall,large,e,4479.0907905509
South,Trawlers,fall,large,e,9676.64096788977
South,Trawlers,fall,large,e,5803.0461819668
South,Trawlers,fall,large,e,9078.55184742996
South,Trawlers,fall,large,e,6457.32756499576
South,Trawlers,fall,large,e,7707.72875959818
